# Blender v3.0.1 OBJ File: ''
# www.blender.org
mtllib arml5.mtl
o arml5
v 0.021265 -0.047466 0.093615
v 0.021244 -0.047563 0.045115
v 0.021410 -0.042203 0.045115
v 0.021406 -0.043023 0.095001
v 0.016243 -0.054275 0.045115
v 0.015239 -0.054721 0.045115
v -0.004534 -0.054971 0.045115
v -0.015257 -0.054719 0.045115
v -0.016462 -0.054116 0.045115
v -0.021264 -0.047563 0.045115
v -0.021428 -0.042203 0.045115
v -0.020206 -0.041026 0.045115
v 0.020193 -0.041026 0.045115
v 0.020552 -0.042340 0.098092
v 0.020437 -0.042778 0.101065
v -0.000005 -0.042240 0.115609
v 0.016902 -0.042240 0.106540
v 0.016154 -0.042542 0.109101
v 0.020650 -0.047617 0.100494
v 0.005566 -0.042667 0.115715
v 0.010807 -0.042546 0.113608
v -0.001697 -0.042890 0.116366
v 0.016469 -0.054134 0.093336
v -0.020562 -0.042342 0.098091
v -0.013616 -0.042240 0.109536
v -0.009154 -0.042564 0.114423
v 0.017224 -0.047468 0.107543
v -0.021407 -0.043023 0.094994
v -0.020443 -0.042780 0.101051
v -0.018233 -0.042527 0.106260
v -0.013689 -0.042552 0.111554
v 0.001915 -0.047606 0.116232
v -0.021386 -0.047150 0.095393
v 0.010794 -0.047639 0.113580
v 0.014550 -0.051282 0.106907
v -0.019849 -0.047648 0.102943
v -0.016244 -0.047278 0.108960
v -0.005743 -0.047653 0.115642
v -0.000410 -0.051503 0.114231
v 0.015143 -0.054408 0.100753
v -0.019498 -0.050304 0.091758
v -0.016410 -0.054050 0.096012
v -0.010795 -0.047639 0.113580
v -0.006703 -0.050823 0.113295
v 0.006617 -0.052913 0.111497
v 0.004926 -0.054977 0.110207
v 0.012497 -0.054278 0.105525
v -0.015584 -0.053525 0.101804
v -0.012315 -0.054244 0.106112
v -0.009671 -0.052748 0.110075
v -0.004927 -0.054977 0.110207
v -0.015050 -0.054704 0.097249
v 0.026166 0.038426 0.092230
v 0.026392 0.048144 0.094991
v 0.026086 0.038649 0.099113
v 0.025144 0.037571 0.099113
v 0.025783 0.047995 0.089351
v 0.014086 0.045500 0.038702
v 0.025150 0.048942 0.090465
v 0.025716 0.048482 0.100352
v 0.023447 0.038441 0.107055
v 0.014640 0.033383 0.038702
v 0.014558 0.044266 0.038702
v -0.014798 0.033383 0.038702
v -0.014628 0.043597 0.038702
v -0.014089 0.045500 0.038702
v -0.000418 0.048950 0.069434
v 0.021024 0.048945 0.080986
v 0.023496 0.037581 0.104678
v 0.002050 0.028469 0.046339
v 0.002914 0.028386 0.042128
v -0.024131 0.048932 0.088215
v -0.011965 0.048948 0.073159
v -0.025723 0.048038 0.089092
v -0.016092 0.048944 0.114791
v 0.020613 0.048916 0.110056
v 0.022721 0.048109 0.108325
v 0.017720 0.037581 0.112930
v -0.001236 0.028461 0.047165
v -0.002855 0.028376 0.042128
v -0.025163 0.037575 0.099113
v -0.026177 0.038430 0.092424
v 0.019442 0.038350 0.112637
v 0.006174 0.037571 0.119739
v -0.000007 0.037595 0.120565
v -0.026204 0.048011 0.097217
v -0.020723 0.037574 0.109319
v -0.011960 0.037560 0.117261
v 0.017734 0.048032 0.114374
v 0.012829 0.038311 0.117937
v 0.006588 0.038649 0.120565
v -0.004123 0.038649 0.120998
v -0.016422 0.038495 0.115534
v -0.021474 0.038181 0.110296
v -0.025650 0.038649 0.100845
v 0.009753 0.048378 0.119439
v 0.004995 0.048039 0.120877
v -0.003299 0.047858 0.121177
v -0.010712 0.038649 0.119125
v -0.020287 0.048574 0.111380
v -0.023109 0.048161 0.107794
v -0.001966 0.048711 0.120868
v -0.008545 0.048403 0.119858
v -0.014855 0.048139 0.116864
v 0.041216 -0.030747 -0.003480
v 0.040446 -0.047595 0.009001
v 0.041240 -0.047542 -0.003297
v -0.013083 -0.030747 -0.039825
v -0.039775 -0.030750 0.010698
v 0.040705 -0.030747 0.007554
v 0.034756 -0.053346 0.007439
v 0.035046 -0.053336 -0.008116
v 0.032216 -0.030747 -0.025839
v 0.021613 -0.030747 -0.035304
v 0.013081 -0.030747 -0.039663
v -0.025578 -0.030744 -0.032499
v -0.032502 -0.030744 -0.025548
v -0.038186 -0.030744 -0.015774
v -0.041078 -0.030744 -0.004414
v 0.038897 -0.030747 -0.014177
v -0.014421 -0.030754 0.038638
v 0.026411 -0.030747 0.032005
v 0.035388 -0.030747 0.020754
v 0.031334 -0.047489 -0.026848
v 0.021951 -0.047640 -0.034947
v 0.003605 -0.038895 -0.041602
v -0.033213 -0.030756 0.024632
v -0.025545 -0.030756 0.032686
v 0.014411 -0.030756 0.038638
v 0.020709 -0.041413 0.045091
v 0.036319 -0.047587 0.019584
v 0.015230 -0.054721 0.045091
v 0.037105 -0.047561 -0.018396
v 0.003516 -0.047475 -0.041007
v -0.012328 -0.047562 -0.039277
v -0.036321 -0.047587 0.019584
v -0.021236 -0.041804 0.045091
v -0.021248 -0.047555 0.045091
v -0.015248 -0.054718 0.045091
v 0.001898 -0.054984 0.045091
v 0.021392 -0.047143 0.045091
v -0.019894 -0.047636 -0.036186
v -0.039613 -0.047578 0.012194
v 0.026429 -0.053778 -0.024654
v -0.041259 -0.047573 0.000075
v 0.003344 -0.054984 -0.035739
v -0.033040 -0.053370 0.013687
v 0.016900 -0.054328 -0.031839
v -0.004347 -0.053748 -0.036762
v -0.035480 -0.053341 -0.001394
v -0.016351 -0.054294 -0.032188
v -0.032980 -0.047554 -0.024994
v -0.025594 -0.054167 -0.025045
v -0.033836 -0.053348 -0.012709
v -0.040456 -0.047602 -0.008741
v -0.037123 -0.047564 -0.018396
v 0.038679 0.051259 0.014456
v 0.038444 0.033384 0.015278
v 0.038679 0.033384 -0.014834
v 0.038679 0.051259 -0.014802
v 0.038209 0.053478 -0.015951
v 0.027464 0.033384 -0.031029
v 0.032217 0.033382 0.025837
v 0.035179 0.053478 -0.021704
v 0.030743 0.053478 -0.027760
v 0.026571 0.053478 -0.031774
v 0.020320 0.053478 -0.036001
v 0.007394 0.053478 -0.040754
v -0.007394 0.053478 -0.040746
v -0.017991 0.053478 -0.037318
v -0.022277 0.053478 -0.034914
v -0.029747 0.053478 -0.028806
v -0.033499 0.053478 -0.024352
v -0.038239 0.053478 -0.015822
v -0.000623 0.053453 0.038166
v 0.027268 0.053140 0.031105
v 0.034817 0.033384 -0.022434
v -0.038656 0.033380 0.014464
v -0.038656 0.033380 -0.014761
v -0.035604 0.033380 -0.021111
v -0.027441 0.033392 -0.031013
v 0.035269 0.052920 0.021202
v 0.026968 0.033382 0.031424
v 0.021321 0.033382 0.035410
v 0.014637 0.033384 0.038696
v -0.038663 0.051259 -0.014802
v -0.038663 0.051259 0.014456
v 0.016538 0.053118 0.037685
v 0.019771 0.045316 -0.036314
v -0.000833 0.045316 -0.041345
v 0.009473 0.045316 -0.040236
v 0.030599 0.051847 0.027875
v 0.021626 0.051847 0.035305
v -0.014788 0.033384 0.038696
v -0.037929 0.053081 0.016196
v 0.009094 0.053091 0.040129
v 0.003481 0.045505 0.040985
v -0.006289 0.045505 0.040710
v -0.011290 0.052936 0.039540
v -0.024102 0.033384 0.033686
v -0.029372 0.033384 0.029085
v -0.035854 0.033384 0.020761
v 0.000098 0.053016 0.041046
v -0.018511 0.051552 0.036820
v -0.024026 0.053165 0.033614
v -0.032373 0.050077 0.025607
v -0.035491 0.052930 0.020814
v -0.015348 0.045316 -0.038367
v -0.027355 0.021022 0.016906
v -0.037574 0.016952 0.017467
v -0.027355 0.033379 0.016906
v 0.037682 0.033379 0.016906
v 0.037741 0.021022 0.016906
v 0.037690 0.019413 0.017106
v -0.027363 0.016948 0.017467
v -0.036284 0.012278 0.019942
v -0.036780 0.028336 0.019046
v -0.037353 0.033379 0.017467
v -0.004698 0.033397 0.042120
v 0.004703 0.033406 0.042120
v 0.036237 0.012283 0.019945
v 0.037252 0.021091 0.018143
v -0.014445 0.012278 0.038647
v -0.015057 0.012278 0.038563
v -0.018906 0.012278 0.036811
v -0.023079 0.012278 0.034372
v -0.024546 0.012278 0.033402
v -0.028159 0.012278 0.030346
v -0.031287 0.012278 0.027103
v -0.033543 0.012278 0.024178
v -0.035554 0.033379 0.021258
v -0.033173 0.033379 0.024709
v 0.036421 0.032045 0.019755
v -0.030994 0.033379 0.027426
v -0.027628 0.033379 0.030786
v -0.024104 0.033377 0.033693
v -0.019547 0.033377 0.036434
v -0.012779 0.033377 0.039886
v 0.020024 0.033377 0.036189
v 0.023054 0.033377 0.034360
v 0.027559 0.033379 0.030919
v 0.030401 0.033379 0.028104
v 0.034313 0.033379 0.023134
v 0.034593 0.012283 0.022764
v 0.030634 0.012283 0.027883
v 0.027732 0.012283 0.030767
v 0.026409 0.012283 0.031909
v 0.023076 0.012283 0.034362
v 0.020488 0.012283 0.035957
v 0.017753 0.012283 0.037403
v 0.015047 0.012283 0.038561
v 0.014428 0.012283 0.038635
v 0.012761 0.033377 0.039889
v 0.032160 0.021326 0.026125
v 0.018936 0.032047 0.036800
v 0.003825 0.029168 0.042123
v 0.002911 0.028382 0.042123
v -0.000009 0.022976 0.041238
v -0.002847 0.028372 0.042123
v -0.003828 0.029168 0.042123
v -0.029261 -0.000158 -0.030415
v -0.028151 0.012278 -0.030415
v 0.028155 0.012274 -0.030415
v 0.029266 -0.000137 -0.030415
v 0.028042 -0.030736 -0.030415
v -0.028078 -0.030744 -0.030415
v -0.032945 -0.030744 -0.024996
v -0.034709 0.012278 -0.022606
v -0.014451 -0.030744 0.038659
v -0.019031 -0.030744 0.036813
v -0.027573 -0.030744 0.030894
v -0.031489 -0.030744 0.026918
v -0.034774 -0.030744 0.022520
v -0.039390 -0.030744 0.012804
v -0.040724 -0.030744 0.007557
v -0.041390 -0.030744 -0.000712
v -0.040691 -0.030744 -0.007690
v -0.036881 -0.030744 -0.018802
v -0.039175 0.012278 -0.013383
v -0.039167 0.012278 0.015170
v -0.035536 0.012278 0.021303
v -0.029466 0.012278 0.029003
v -0.024544 0.012278 0.033392
v -0.018910 0.012278 0.036806
v -0.014427 0.012278 0.038639
v 0.014731 0.012278 0.038591
v 0.023081 0.012278 0.034359
v 0.027079 0.012278 0.031328
v 0.031381 0.012278 0.026992
v 0.034267 0.012278 0.023216
v 0.033984 -0.030736 -0.023620
v 0.036245 -0.030736 -0.020002
v 0.038730 -0.030736 -0.014620
v 0.040598 -0.030736 -0.007964
v 0.041275 -0.030736 -0.002477
v 0.041210 -0.030736 0.003608
v 0.034320 0.012274 -0.023082
v 0.037814 0.012274 -0.016798
v 0.039471 0.012274 -0.012518
v 0.040379 0.006496 -0.009211
v 0.041247 0.006496 -0.003687
v 0.041356 0.006496 0.002190
v 0.040635 -0.030736 0.007939
v 0.038463 -0.030736 0.015148
v 0.034592 -0.030736 0.022749
v 0.031248 -0.030736 0.027171
v 0.026420 -0.030736 0.032013
v 0.018922 -0.030736 0.036867
v 0.014431 -0.030736 0.038652
v 0.039463 0.012274 0.015366
v -0.041352 0.006505 -0.002082
v -0.040817 0.006505 0.007131
v 0.002049 0.060097 -0.041397
v -0.000007 0.053478 -0.041365
v -0.002883 0.053478 -0.041329
v -0.002483 0.060921 -0.041285
v 0.001637 0.061649 -0.040973
v 0.006721 0.061358 -0.040716
v 0.011079 0.059884 -0.039917
v 0.011079 0.059884 -0.037860
v -0.000007 0.053478 -0.038473
v -0.012943 0.053479 -0.039342
v -0.007599 0.053478 -0.040727
v 0.010706 0.061330 -0.039871
v 0.011079 0.066693 -0.034027
v 0.011079 0.066693 -0.030765
v -0.038255 0.053479 -0.004972
v -0.006848 0.060243 -0.040814
v -0.005028 0.061470 -0.040814
v 0.002670 0.064961 -0.037716
v -0.038255 0.053479 -0.015850
v -0.026831 0.066681 -0.013900
v -0.038250 0.059882 -0.009222
v -0.039050 0.059884 -0.013900
v -0.001658 0.063787 -0.039026
v 0.006976 0.066693 -0.035214
v -0.004546 0.066683 -0.035660
v -0.031100 0.066681 -0.013900
v -0.035531 0.053479 -0.021204
v -0.031888 0.053479 -0.026402
v -0.027672 0.053489 -0.030806
v -0.022286 0.053481 -0.034933
v -0.017988 0.053481 -0.037332
v -0.038824 0.061374 -0.013900
v -0.026891 0.066682 -0.021928
v -0.033009 0.060571 -0.025042
v -0.029347 0.060147 -0.029156
v -0.021665 0.060218 -0.035250
v -0.013026 0.060071 -0.039331
v -0.036763 0.061381 -0.018543
v -0.007545 0.063834 -0.038249
v -0.013210 0.066681 -0.033166
v -0.018111 0.066682 -0.030462
v -0.022723 0.066683 -0.026821
v -0.036047 0.060097 -0.020402
v -0.034687 0.063013 -0.018503
v -0.010744 0.061339 -0.039875
v -0.027502 0.064473 -0.025827
v -0.032185 0.061343 -0.025866
v -0.014476 0.061332 -0.038639
v -0.010803 0.063830 -0.037422
v -0.026746 0.061356 -0.031350
v -0.021906 0.061359 -0.034944
v -0.015583 0.063772 -0.035703
v -0.038256 0.051262 -0.015819
v -0.038256 0.059881 -0.015916
v -0.027685 0.066373 -0.013874
v -0.025126 0.066740 0.041313
v -0.025126 0.065573 0.106969
v -0.038256 0.051262 0.015914
v -0.038745 0.051262 0.025240
v -0.040564 0.051262 0.024863
v -0.041441 0.051262 0.000972
v -0.041275 0.051262 -0.003579
v -0.040780 0.051262 -0.007272
v -0.039868 0.051262 -0.011296
v -0.038826 0.061376 -0.013886
v -0.035130 0.064075 -0.013886
v -0.031620 0.066373 -0.013886
v -0.025126 0.068791 0.041301
v -0.025126 0.067850 0.097519
v -0.025126 0.067275 0.107966
v -0.025126 0.066286 0.108130
v -0.038668 0.052952 0.077655
v -0.033440 0.066373 -0.006864
v -0.033955 0.066371 0.000972
v -0.025559 0.065448 0.107784
v -0.038743 0.053054 0.079041
v -0.039191 0.052657 0.076014
v -0.040242 0.060098 -0.009916
v -0.040444 0.061346 -0.008214
v -0.035481 0.064638 -0.010178
v -0.032005 0.062917 0.107857
v -0.033736 0.062122 0.107018
v -0.036408 0.061261 0.105389
v -0.040436 0.053078 0.078154
v -0.039813 0.053028 0.079126
v -0.040928 0.060044 -0.006454
v -0.041261 0.061346 -0.000889
v -0.037658 0.063891 -0.002998
v -0.037708 0.063927 0.000765
v -0.039908 0.061506 0.094993
v -0.038208 0.062275 0.101595
v -0.025171 0.068494 0.069412
v -0.030945 0.064221 0.108294
v -0.038050 0.060453 0.102957
v -0.034719 0.062104 0.107006
v -0.040337 0.061033 0.092513
v -0.039654 0.061403 0.099698
v -0.025613 0.067945 0.089108
v -0.033792 0.064122 0.106544
v -0.039651 0.060377 0.099698
v -0.040429 0.060482 0.094616
v -0.037954 0.062162 0.103650
v -0.041452 0.060098 0.000558
v -0.033200 0.063967 0.107893
v 0.002060 0.059882 -0.041396
v 0.002482 0.053479 -0.041348
v 0.000004 0.053479 -0.041368
v 0.011086 0.063787 -0.037373
v 0.011086 0.061060 -0.039821
v 0.006597 0.059882 -0.040877
v 0.012930 0.053479 -0.039347
v 0.000004 0.053479 -0.038473
v 0.000004 0.059882 -0.039445
v 0.000004 0.059882 -0.041354
v 0.007627 0.053479 -0.040686
v 0.018180 0.053478 -0.037218
v 0.022278 0.053478 -0.034932
v 0.026593 0.053481 -0.031769
v 0.038217 0.053479 -0.004889
v 0.026788 0.066693 -0.013912
v 0.015576 0.063773 -0.035704
v 0.014470 0.061339 -0.038641
v 0.011086 0.066693 -0.030765
v 0.011086 0.066693 -0.034021
v 0.016280 0.060017 -0.038077
v 0.031067 0.066693 -0.013912
v 0.027861 0.066693 -0.020480
v 0.026016 0.066693 -0.023132
v 0.018897 0.066693 -0.029961
v 0.038217 0.053479 -0.015963
v 0.039039 0.059891 -0.013912
v 0.038936 0.060987 -0.013912
v 0.038217 0.059883 -0.009424
v 0.019424 0.061355 -0.036382
v 0.021198 0.060327 -0.035571
v 0.037967 0.061351 -0.016019
v 0.038366 0.061721 -0.013912
v 0.018304 0.063882 -0.034185
v 0.036570 0.053480 -0.019408
v 0.030874 0.053481 -0.027623
v 0.033727 0.053481 -0.024068
v 0.023138 0.061367 -0.034131
v 0.025649 0.059990 -0.032516
v 0.028683 0.060098 -0.029897
v 0.031522 0.060098 -0.026895
v 0.033001 0.060343 -0.025046
v 0.036047 0.060098 -0.020352
v 0.027699 0.061392 -0.030458
v 0.032168 0.061342 -0.025859
v 0.035504 0.061372 -0.020981
v 0.032353 0.064422 -0.018924
v 0.024556 0.063383 -0.030467
v 0.028554 0.063400 -0.026571
v 0.031843 0.063053 -0.023096
v 0.022159 0.066690 -0.027280
v 0.024325 0.065454 -0.027490
v 0.005416 -0.044104 0.081795
v -0.005497 -0.044120 0.082484
v 0.005366 -0.044108 0.081795
v 0.005416 -0.044108 0.081739
v 0.005416 -0.044108 0.055378
v 0.005416 -0.042621 0.055378
v 0.005416 -0.042621 0.078504
v 0.005416 -0.042623 0.079330
v 0.005416 -0.043081 0.080184
v -0.005367 -0.044120 0.082463
v -0.005497 -0.042649 0.079457
v -0.005497 -0.042623 0.079327
v -0.005497 -0.042621 0.078632
v -0.005497 -0.042621 0.055383
v -0.005497 -0.042861 0.055378
v -0.005497 -0.044120 0.055378
v 0.000107 -0.044120 0.055378
v 0.000107 -0.044120 0.081500
v 0.005355 -0.042623 0.079330
v -0.005367 -0.042621 0.055378
v 0.000107 -0.042621 0.055378
v 0.003705 -0.042621 0.078504
v 0.000107 -0.042621 0.077679
v 0.039976 0.051260 0.025871
v 0.040483 0.051260 0.025416
v 0.040632 0.051260 0.024057
v 0.041235 0.051260 0.009769
v 0.041358 0.051260 0.005907
v 0.041426 0.051260 0.001380
v 0.041428 0.051260 -0.000270
v 0.041353 0.051260 -0.002540
v 0.041229 0.051260 -0.004177
v 0.041043 0.051260 -0.005634
v 0.040777 0.051260 -0.007285
v 0.040398 0.051260 -0.009258
v 0.040171 0.051260 -0.010175
v 0.039590 0.051260 -0.012230
v 0.039184 0.051260 -0.013474
v 0.038679 0.051260 -0.014839
v 0.038679 0.051260 0.014481
v 0.038718 0.051260 0.024842
v 0.038733 0.051260 0.025233
v 0.039197 0.051260 0.025759
v 0.040005 0.014730 0.016570
v 0.040543 0.014064 0.016303
v 0.040640 0.014730 0.016403
v 0.039483 0.014094 0.016287
v 0.040005 0.012281 0.015590
v 0.040583 0.012417 0.015538
v 0.040931 0.014730 0.015805
v 0.038810 0.012285 0.015151
v 0.039477 0.010962 0.014828
v 0.039477 0.006507 0.012516
v 0.040657 0.011039 0.014463
v 0.040968 0.011431 0.014154
v 0.040971 0.015558 0.015805
v 0.038679 0.033374 0.014481
v 0.038679 0.033374 -0.014855
v 0.038810 0.012285 -0.014540
v 0.039477 0.006507 -0.012527
v 0.039655 0.006507 -0.012009
v 0.040396 0.006507 -0.009222
v 0.040737 0.006507 -0.007285
v 0.041279 0.006507 -0.003418
v 0.041335 0.006507 -0.002333
v 0.041382 0.006507 0.001785
v 0.040740 0.006507 0.007553
v 0.040986 0.010191 0.012917
v 0.041053 0.012255 0.014154
v 0.039044 0.012285 -0.013886
v 0.041241 0.008544 0.009622
v 0.041325 0.008956 0.006728
v 0.041377 0.008956 0.000142
v 0.041126 0.008956 -0.004809
v 0.041223 0.019681 -0.004207
v 0.038732 0.051261 0.025247
v 0.038221 0.051262 -0.015941
v 0.040556 0.051261 0.024748
v 0.040155 0.051262 -0.010194
v 0.041096 0.051262 -0.004905
v 0.041421 0.051262 0.001794
v 0.027714 0.066359 -0.013898
v 0.038221 0.059882 -0.015978
v 0.038221 0.051262 0.015990
v 0.025134 0.065585 0.106741
v 0.025134 0.066729 0.041316
v 0.039906 0.059990 -0.011010
v 0.041254 0.060629 -0.003728
v 0.040415 0.060475 0.094631
v 0.040423 0.053077 0.078161
v 0.031633 0.066359 -0.013898
v 0.025134 0.068784 0.041316
v 0.038657 0.052950 0.077662
v 0.025134 0.066693 0.108243
v 0.025134 0.067477 0.107355
v 0.025134 0.068510 0.068624
v 0.041435 0.060098 0.000967
v 0.039636 0.060019 0.098919
v 0.038035 0.060455 0.102964
v 0.039179 0.052655 0.076020
v 0.038605 0.061563 -0.013806
v 0.033931 0.066359 0.001794
v 0.033756 0.066359 -0.004628
v 0.038726 0.053048 0.079073
v 0.025553 0.065449 0.107781
v 0.040408 0.061322 -0.008484
v 0.041242 0.061338 -0.001977
v 0.040317 0.060983 0.094157
v 0.039816 0.053020 0.079158
v 0.037944 0.062165 0.103657
v 0.036397 0.061262 0.105397
v 0.039641 0.061405 0.099692
v 0.036491 0.063807 -0.010744
v 0.031991 0.062916 0.107854
v 0.033723 0.062125 0.107014
v 0.039894 0.061506 0.094984
v 0.036485 0.064763 0.000152
v 0.038194 0.062274 0.101589
v 0.032905 0.063117 0.107969
v 0.031344 0.064221 0.108243
v 0.038914 0.063094 0.000560
v 0.025601 0.067945 0.089091
v 0.035143 0.063555 0.105707
v 0.038819 0.063027 -0.003984
v 0.033178 0.063954 0.107866
v 0.028993 0.065917 0.107823
v 0.026206 0.067187 0.106497
v -0.026810 0.015684 -0.031974
v -0.027062 0.012278 -0.031964
v -0.026790 0.021022 -0.031974
v 0.026786 0.021022 -0.031974
v 0.026799 0.015684 -0.031974
v 0.027051 0.012278 -0.031964
v 0.030387 0.012278 -0.028178
v 0.033840 0.012278 -0.023824
v 0.035151 0.012278 -0.021822
v 0.036476 0.012278 -0.019571
v 0.036891 0.012278 -0.018834
v 0.037092 0.012278 -0.018427
v 0.038679 0.012278 -0.014855
v 0.038795 0.012278 -0.014540
v 0.038802 0.012278 0.010841
v 0.038789 0.012278 0.015145
v 0.037143 0.012278 0.018321
v 0.036249 0.012278 0.019932
v -0.027367 0.012278 0.019932
v -0.027367 0.012278 -0.031354
v -0.027360 0.033378 -0.031054
v 0.027433 0.033378 -0.031054
v 0.030387 0.025855 -0.028178
v -0.027367 0.019411 0.019937
v -0.027367 0.031618 0.014871
v -0.027367 0.031618 -0.031054
v -0.027360 0.033378 0.016893
v 0.037681 0.033378 0.016893
v 0.038096 0.033378 0.016360
v 0.038802 0.033378 0.014469
v 0.038802 0.033378 -0.014525
v 0.037564 0.033378 -0.017421
v 0.036904 0.033378 -0.018824
v 0.035932 0.033378 -0.020587
v 0.034682 0.033378 -0.022614
v 0.033678 0.033378 -0.024012
v 0.030368 0.033378 -0.028173
v 0.029545 0.033378 -0.029001
v 0.036275 0.019411 0.019937
v 0.030779 0.030441 -0.027703
v 0.032654 0.019561 -0.025353
v 0.033198 0.031618 -0.024659
v 0.037182 0.019411 0.018260
v 0.038134 0.015684 0.016441
v 0.038802 0.016615 0.015125
v 0.034695 0.021022 -0.022619
v 0.035362 0.021325 -0.021542
v 0.038808 0.031618 0.014474
v 0.038808 0.031618 -0.014525
v 0.038672 0.023438 -0.014888
v 0.036483 0.030441 -0.019621
v 0.037496 0.024624 -0.017589
v -0.039457 0.006508 -0.012561
v -0.038399 0.012282 -0.015531
v -0.037325 0.012282 -0.017990
v -0.036261 0.012282 -0.019985
v -0.034722 0.012282 -0.022618
v -0.033023 0.012282 -0.025010
v -0.031920 0.012282 -0.026416
v -0.030401 0.012282 -0.028147
v -0.027368 0.012282 -0.031357
v -0.027368 0.012282 0.019938
v -0.039457 0.006508 0.012431
v -0.040001 0.006508 0.010845
v -0.040854 0.006508 0.006946
v -0.041417 0.006508 0.000951
v -0.041381 0.006508 -0.001917
v -0.040740 0.006508 -0.007278
v -0.040349 0.006508 -0.009228
v -0.039663 0.014316 -0.011996
v -0.037132 0.027101 -0.018422
v -0.036418 0.033374 -0.019772
v -0.033408 0.033374 -0.024496
v -0.030360 0.033374 -0.028142
v -0.027368 0.033374 -0.031133
v -0.027368 0.033374 0.017456
v -0.027368 0.016951 0.019938
v -0.036300 0.012282 0.019938
v -0.040521 0.010950 0.014615
v -0.040995 0.010192 0.012904
v -0.039500 0.051261 -0.012533
v -0.038678 0.051261 -0.014830
v -0.031540 0.033374 -0.026870
v -0.038678 0.051261 0.014475
v -0.039190 0.051261 0.025744
v -0.039942 0.051261 0.025865
v -0.040105 0.051261 0.025820
v -0.040652 0.014730 0.016397
v -0.040595 0.012413 0.015534
v -0.041253 0.008541 0.009613
v -0.040360 0.051261 -0.009379
v -0.040792 0.051261 -0.007278
v -0.041102 0.051261 -0.005214
v -0.041350 0.051261 -0.002741
v -0.041446 0.051261 0.000145
v -0.041357 0.051261 0.006310
v -0.041253 0.051261 0.009613
v -0.040634 0.051261 0.024296
v -0.040495 0.051261 0.025411
v -0.038744 0.051261 0.025232
v -0.034716 0.033374 -0.022634
v -0.040943 0.014730 0.015803
v -0.041329 0.008957 0.007131
v -0.041229 0.008957 -0.004124
v 0.033546 0.066361 -0.005329
v 0.033831 0.066361 0.003542
v 0.025132 0.065585 0.106930
v 0.024824 0.067860 0.099095
v 0.025132 0.067273 0.107972
v 0.025132 0.065875 0.108014
v -0.025120 0.065880 0.108000
v -0.025120 0.065567 0.106531
v -0.033826 0.066375 0.003443
v -0.031611 0.066375 -0.013872
v 0.031623 0.066361 -0.013886
v 0.030516 0.068051 0.004684
v -0.025120 0.067483 0.107365
v -0.023438 0.066685 -0.025897
v -0.015405 0.066684 -0.032085
v -0.007306 0.066684 -0.035075
v 0.001128 0.066690 -0.035870
v 0.011694 0.066696 -0.033677
v 0.020571 0.066696 -0.028355
v 0.027819 0.066696 -0.020376
v 0.028966 0.068334 -0.008508
v 0.020410 0.068248 0.103445
v -0.005840 0.068347 0.108254
v -0.011566 0.068759 0.107760
v -0.031365 0.067777 0.003192
v -0.030494 0.067921 -0.008336
v -0.024147 0.068772 -0.019871
v -0.013019 0.069587 -0.028928
v 0.019433 0.069183 -0.024569
v 0.024726 0.068584 0.069644
v 0.011604 0.068761 0.107774
v 0.010469 0.069633 -0.030047
v -0.002140 0.069770 -0.031822
v 0.016742 0.069364 0.074269
v 0.002884 0.069077 0.107365
v -0.024551 0.068103 0.093326
v 0.024386 0.068921 -0.017931
v 0.018109 0.069581 0.049048
v 0.007721 0.069683 0.083882
v -0.006234 0.069506 0.092986
v -0.027183 0.068568 0.020898
v -0.002064 0.069913 0.080255
v -0.016218 0.069344 0.077225
v -0.024289 0.068772 0.061836
v -0.010319 0.070184 -0.027487
v 0.001697 0.070436 -0.029290
v 0.012662 0.070021 -0.026354
v -0.018144 0.069583 0.049048
v -0.020216 0.069411 -0.021552
v -0.008355 0.070214 0.049642
v 0.012369 0.070057 0.031479
v 0.004324 0.070345 0.049437
v -0.029272 -0.000128 -0.030415
v -0.028086 -0.030744 -0.030415
v 0.028040 -0.030744 -0.030415
v 0.029241 0.000296 -0.030415
v 0.028160 0.012267 -0.030415
v -0.028160 0.012267 -0.030415
v -0.029169 0.001525 -0.040284
v -0.029036 -0.002599 -0.040601
v -0.028117 0.001116 -0.044090
v -0.027226 -0.007193 -0.044014
v -0.025260 -0.012279 -0.044107
v -0.012544 -0.037909 -0.044149
v -0.011954 -0.038437 -0.043585
v -0.012401 -0.038917 -0.039831
v 0.012642 -0.038884 -0.039684
v -0.027450 0.045487 -0.031032
v -0.026401 0.039983 -0.040723
v -0.024745 -0.011668 -0.044421
v -0.011954 -0.037239 -0.044454
v 0.012539 -0.037909 -0.044149
v 0.025244 -0.012275 -0.044110
v 0.027221 -0.007193 -0.044019
v 0.028046 -0.002417 -0.044019
v 0.029024 -0.002669 -0.040593
v -0.024909 0.039056 -0.043691
v -0.025054 0.036575 -0.044196
v 0.027456 0.045487 -0.031032
v -0.024877 0.043652 -0.039199
v -0.024762 0.041942 -0.041941
v -0.024326 0.037397 -0.044293
v -0.024326 0.035331 -0.044450
v 0.011949 -0.037239 -0.044452
v 0.024315 0.035331 -0.044450
v 0.026785 -0.004251 -0.044454
v 0.011949 -0.038437 -0.043585
v 0.000029 -0.038917 -0.041870
v 0.029175 0.001517 -0.040286
v -0.017988 0.045305 -0.037335
v -0.010276 0.045305 -0.040041
v 0.024315 0.037188 -0.044308
v 0.028086 0.001525 -0.044081
v -0.024326 0.038843 -0.043930
v -0.000825 0.045305 -0.041355
v 0.026395 0.040008 -0.040728
v 0.026390 0.043198 -0.038260
v 0.024863 0.043652 -0.039197
v 0.024315 0.038835 -0.043930
v 0.025043 0.036984 -0.044180
v 0.014407 0.045305 -0.038713
v 0.006705 0.045305 -0.040863
v 0.024648 0.040045 -0.043274
v 0.024751 0.041942 -0.041941
vn 0.9995 -0.0309 -0.0004
vn 0.9995 -0.0315 -0.0004
vn -0.0000 0.0000 -1.0000
vn 0.6515 0.7585 0.0125
vn 0.6952 0.7186 0.0131
vn 0.8346 0.5394 0.1115
vn 0.0000 0.9999 0.0172
vn 0.0109 0.9997 0.0204
vn 0.0832 0.9962 0.0242
vn 0.3324 0.9312 0.1498
vn 0.9944 -0.0588 0.0876
vn 0.9873 0.0250 0.1567
vn 0.0700 0.9707 0.2298
vn 0.0411 0.7107 0.7023
vn 0.0430 0.9959 0.0802
vn 0.6527 0.7065 0.2736
vn 0.8092 -0.5845 0.0595
vn -0.0548 0.9982 0.0244
vn -0.0088 0.9998 0.0198
vn -0.0495 0.9926 0.1109
vn -0.0969 0.8518 0.5149
vn 0.1280 0.9799 0.1527
vn 0.8822 0.0432 0.4689
vn 0.8018 -0.5975 0.0008
vn -0.6940 0.7198 0.0132
vn -0.6555 0.7551 0.0127
vn -0.8398 0.5311 0.1122
vn -0.4504 0.8804 0.1483
vn -0.0974 0.9940 0.0503
vn -0.1634 0.9759 0.1449
vn 0.8992 -0.0120 0.4374
vn -0.0916 0.9846 0.1489
vn 0.0880 0.0391 0.9954
vn 0.8119 -0.5839 -0.0021
vn -0.9995 -0.0305 -0.0022
vn -1.0000 -0.0051 0.0003
vn -0.9876 0.0101 0.1567
vn 0.3732 -0.0060 0.9277
vn 0.2841 -0.1103 0.9524
vn 0.6411 -0.1015 0.7607
vn 0.7315 -0.5741 0.3678
vn -0.9796 -0.0431 0.1965
vn -0.7576 0.0524 0.6506
vn -0.0759 -0.0864 0.9934
vn -0.0670 -0.4239 0.9032
vn 0.6845 -0.0057 0.7289
vn 0.7736 -0.6230 0.1153
vn -0.9206 0.0388 0.3886
vn -0.2489 0.0647 0.9664
vn 0.7301 -0.5783 0.3640
vn 0.4059 -0.9139 0.0008
vn -0.8570 -0.5154 0.0022
vn -0.8099 -0.5726 0.1271
vn -0.8542 -0.0646 0.5159
vn -0.6478 -0.0664 0.7589
vn -0.5342 0.0324 0.8447
vn -0.1807 -0.5494 0.8158
vn 0.2432 -0.5168 0.8208
vn 0.5927 -0.5182 0.6166
vn 0.2338 -0.9723 0.0059
vn 0.0609 -0.9981 0.0057
vn -0.3779 -0.0315 0.9253
vn 0.2079 -0.5422 0.8141
vn 0.6674 -0.6361 0.3873
vn 0.1628 -0.9797 0.1170
vn -0.7825 -0.6001 0.1660
vn -0.8119 -0.5783 0.0801
vn -0.3295 -0.4954 0.8038
vn 0.4833 -0.6249 0.6132
vn -0.8066 -0.5911 -0.0042
vn -0.6882 -0.5711 0.4475
vn -0.5557 -0.5634 0.6113
vn -0.6906 -0.5840 0.4267
vn -0.5912 -0.5407 0.5984
vn -0.1803 -0.6353 0.7509
vn -0.3991 -0.5768 0.7127
vn -0.7725 -0.6350 0.0016
vn 0.1732 -0.6202 0.7651
vn 0.0127 -0.9999 -0.0019
vn 0.4199 -0.7030 0.5740
vn 0.0000 -1.0000 -0.0001
vn -0.5372 -0.8297 0.1518
vn -0.4477 -0.8942 0.0016
vn -0.4350 -0.9004 0.0020
vn 0.0000 -0.7569 0.6535
vn -0.3244 -0.6497 0.6875
vn 0.4851 -0.6179 0.6188
vn -0.4301 -0.8849 0.1787
vn -0.0235 -0.9997 0.0004
vn -0.3716 -0.7592 0.5344
vn -0.0266 -0.9996 -0.0003
vn -0.1519 -0.9835 0.0979
vn 0.9996 -0.0267 0.0125
vn 0.7527 -0.6576 0.0301
vn 0.6939 0.6933 -0.1944
vn 0.7688 0.6317 -0.0995
vn 0.5133 0.8582 0.0105
vn 0.7334 -0.6408 0.2269
vn 0.5145 -0.8570 -0.0300
vn 0.9942 0.0075 -0.1074
vn 0.9778 -0.0235 -0.2083
vn 0.9095 0.3481 -0.2272
vn 0.0000 0.9938 -0.1116
vn 0.0482 0.9949 -0.0889
vn 0.2863 0.9500 -0.1244
vn 0.7731 -0.5911 0.2300
vn 0.2261 -0.9717 0.0686
vn 0.2308 -0.9707 0.0664
vn 0.9921 0.0218 0.1236
vn 0.3909 -0.9204 -0.0042
vn 0.0000 -0.5655 -0.8248
vn 0.9762 0.0073 -0.2169
vn -0.1149 0.9891 -0.0919
vn -0.0317 0.9947 -0.0976
vn -0.5515 0.8170 -0.1685
vn 0.0002 1.0000 0.0002
vn -0.0001 1.0000 0.0005
vn -0.0002 1.0000 0.0008
vn -0.0002 1.0000 -0.0004
vn 0.0010 1.0000 0.0016
vn 0.1545 0.9873 0.0371
vn 0.5063 0.8313 0.2291
vn 0.1440 -0.9844 0.1008
vn 0.9490 -0.0040 0.3152
vn 0.0078 -0.9997 0.0213
vn 0.0010 -0.5631 -0.8264
vn 0.0017 -0.9999 0.0163
vn -0.9762 0.0163 -0.2164
vn -0.3860 -0.9225 -0.0022
vn -0.5206 -0.8532 -0.0301
vn -0.9785 -0.0248 -0.2049
vn -0.9366 0.2648 -0.2296
vn 0.4467 -0.8382 0.3127
vn 0.8125 -0.0155 0.5827
vn 0.0709 -0.9904 0.1188
vn 0.0125 -0.9924 0.1224
vn 0.0333 -0.9919 0.1229
vn -0.5006 0.8653 -0.0267
vn 0.9355 0.0240 0.3525
vn 0.4310 -0.8527 0.2953
vn -0.1996 -0.9766 0.0806
vn -0.1911 -0.9780 0.0831
vn -0.0313 -0.9918 0.1239
vn -0.1035 -0.9882 0.1124
vn -0.9979 0.0267 -0.0589
vn 0.6492 0.5337 0.5420
vn 0.1902 -0.9277 0.3212
vn 0.0392 -0.2452 0.9687
vn -0.2900 -0.8970 0.3335
vn -0.4493 -0.8717 0.1954
vn -0.6569 -0.7095 0.2552
vn -0.8635 -0.4998 0.0671
vn 0.0096 0.9976 0.0683
vn 0.6252 -0.0296 0.7799
vn 0.7713 0.0220 0.6361
vn 0.4206 -0.7438 0.5195
vn 0.1005 -0.6292 0.7707
vn 0.0367 -0.0271 0.9990
vn 0.0404 -0.0230 0.9989
vn -0.3204 -0.8795 0.3519
vn -0.9974 -0.0344 0.0633
vn -0.1563 -0.8037 0.5741
vn -0.2140 0.9755 0.0506
vn -0.1999 0.9788 0.0446
vn 0.2682 0.8929 0.3616
vn 0.2653 -0.6486 0.7134
vn -0.1542 -0.8257 0.5427
vn 0.0258 0.9994 -0.0215
vn 0.0835 0.8724 0.4817
vn 0.3871 -0.0193 0.9218
vn 0.0278 0.3016 0.9530
vn -0.7201 0.0099 0.6938
vn -0.2436 0.0029 0.9699
vn -0.3875 -0.6592 0.6444
vn -0.1158 0.9927 0.0346
vn -0.0797 0.9717 0.2225
vn 0.5366 0.0382 0.8430
vn 0.2882 0.0170 0.9574
vn -0.5315 -0.0304 0.8465
vn -0.7096 0.0182 0.7043
vn -0.7870 0.0256 0.6164
vn -0.9145 -0.0491 0.4017
vn -0.9587 0.0517 0.2798
vn -0.2734 -0.0115 0.9618
vn -0.1525 0.5385 0.8287
vn -0.5120 0.6523 0.5589
vn -0.2636 0.8356 0.4819
vn -0.4295 0.0276 0.9027
vn 0.9979 0.0021 0.0645
vn -0.0000 1.0000 0.0001
vn 0.9989 -0.0114 0.0462
vn 0.6780 -0.7350 0.0121
vn 0.7045 -0.7084 0.0425
vn 0.0000 1.0000 0.0000
vn 0.0005 1.0000 0.0005
vn 0.0002 1.0000 0.0001
vn 0.0001 1.0000 0.0000
vn 0.0005 1.0000 0.0003
vn -0.0001 1.0000 0.0002
vn 0.6659 0.0099 -0.7460
vn 0.4550 -0.0097 -0.8905
vn 0.0060 0.2249 -0.9744
vn -0.0009 1.0000 0.0008
vn -0.0005 1.0000 0.0006
vn 0.0001 1.0000 0.0016
vn 0.7384 0.3281 0.5892
vn 0.8541 0.0111 0.5200
vn 0.9274 0.0178 0.3736
vn 0.0715 -0.9974 0.0007
vn 0.6520 -0.7141 0.2547
vn 0.7487 -0.6306 -0.2043
vn 0.2570 -0.0695 -0.9639
vn 0.3099 -0.1012 -0.9454
vn -0.1380 -0.0671 -0.9882
vn -0.1083 -0.0372 -0.9934
vn 0.9773 -0.0009 -0.2118
vn 0.8672 0.0322 -0.4968
vn -0.9040 0.0392 0.4257
vn -0.8614 0.0067 0.5079
vn -0.6499 0.4412 0.6188
vn -0.3674 0.6275 0.6865
vn -0.0047 0.5065 0.8622
vn 0.0000 0.5180 0.8554
vn 0.3744 0.6321 0.6784
vn -0.0000 0.0000 1.0000
vn 0.8593 0.1024 0.5011
vn 0.9313 0.0262 0.3632
vn 0.5945 -0.7535 0.2808
vn 0.9639 -0.0365 -0.2639
vn -0.3774 -0.0471 -0.9248
vn 0.8258 -0.0095 -0.5639
vn -0.9131 0.0274 0.4068
vn -0.8609 0.0018 0.5087
vn 0.6534 -0.0029 -0.7570
vn -0.5057 0.0181 -0.8625
vn 0.6298 -0.6432 -0.4355
vn -0.9909 0.0024 0.1346
vn 0.0525 -0.9986 -0.0007
vn 0.5216 -0.6136 -0.5928
vn -0.9957 0.0336 0.0859
vn -0.6684 -0.6820 0.2969
vn 0.7035 -0.5721 0.4217
vn 0.0563 -0.9984 -0.0050
vn 0.6040 -0.7404 -0.2949
vn 0.2545 -0.5588 -0.7893
vn -0.0929 -0.4754 -0.8748
vn -0.6913 -0.7164 0.0936
vn -0.6359 -0.6976 0.3303
vn -0.6981 -0.5847 0.4132
vn 0.0197 -0.9998 0.0004
vn -0.2968 -0.6027 -0.7408
vn -0.6709 -0.7337 0.1071
vn 0.0426 -0.9989 0.0200
vn 0.2540 -0.5594 -0.7890
vn 0.0166 -0.5745 -0.8183
vn -0.1009 -0.9948 0.0144
vn 0.4849 -0.6421 -0.5938
vn -0.6492 -0.0529 -0.7588
vn -0.0754 -0.9971 0.0033
vn -0.2527 -0.6259 -0.7378
vn -0.5288 -0.5859 -0.6140
vn -0.1249 -0.9920 -0.0176
vn -0.6855 -0.7213 -0.0992
vn -0.7130 -0.6984 -0.0627
vn -0.4826 -0.6251 -0.6134
vn -0.7085 -0.0031 -0.7057
vn -0.9958 -0.0135 -0.0906
vn -0.0155 -0.9999 -0.0056
vn -0.9687 0.0276 -0.2467
vn -0.7157 -0.6522 -0.2496
vn -0.6116 -0.7035 -0.3619
vn -0.0284 -0.9996 -0.0005
vn -0.1206 -0.9599 -0.2530
vn -0.9452 -0.0088 -0.3263
vn -0.6163 -0.6854 -0.3880
vn 0.1013 -0.9837 0.1486
vn -0.8642 0.0238 -0.5026
vn -0.8469 0.0066 -0.5318
vn 0.9999 -0.0128 0.0078
vn 1.0000 0.0000 0.0000
vn 0.9783 0.2070 0.0000
vn 0.0000 -1.0000 0.0000
vn 0.0002 -1.0000 -0.0001
vn 0.0000 1.0000 0.0005
vn 0.0138 0.9998 0.0104
vn 0.2559 0.9644 0.0664
vn 0.9262 0.0007 -0.3770
vn 0.0001 -1.0000 0.0000
vn -0.0001 -1.0000 -0.0013
vn 0.8933 0.0089 0.4493
vn -0.0007 -1.0000 -0.0008
vn 0.0000 -1.0000 0.0002
vn -0.9822 0.1877 0.0000
vn 0.0205 0.9991 0.0367
vn 0.5601 -0.0058 -0.8284
vn 0.0915 -0.5182 -0.8504
vn 0.3499 -0.1814 -0.9190
vn 0.7598 -0.0182 -0.6499
vn 0.8067 0.0070 -0.5909
vn 0.8613 -0.0141 0.5079
vn 0.8186 0.0083 0.5743
vn 0.5767 -0.0049 0.8170
vn 0.4412 0.0035 0.8974
vn 0.4232 -0.0018 0.9060
vn -0.9318 0.3628 0.0135
vn -0.9212 -0.0002 0.3891
vn -0.0174 0.9998 0.0126
vn -0.5324 0.7194 -0.4462
vn 0.0216 0.9968 0.0770
vn 0.8847 -0.0052 -0.4661
vn -0.0003 -0.6544 -0.7561
vn 0.3558 0.0120 -0.9345
vn 0.6933 0.0041 -0.7206
vn 0.1069 -0.0358 -0.9936
vn 0.8915 0.0004 -0.4530
vn 0.6962 0.0011 0.7179
vn 0.7288 -0.0117 0.6846
vn 0.5966 0.0040 0.8025
vn 0.0000 -0.1855 0.9826
vn -0.0279 -0.1448 0.9891
vn -0.2291 -0.0010 0.9734
vn -0.0002 -1.0000 0.0003
vn -0.0005 -1.0000 0.0006
vn -0.0019 -1.0000 0.0015
vn -1.0000 -0.0004 -0.0000
vn -0.0277 0.9873 0.1565
vn 0.0069 0.9890 0.1481
vn -0.0005 0.0727 -0.9974
vn 0.3450 0.0283 -0.9382
vn 0.4682 0.4424 0.7649
vn 0.3119 0.0187 0.9499
vn 0.1787 -0.0212 0.9837
vn 0.1011 0.0374 0.9942
vn -0.0281 -0.0209 0.9994
vn -0.3564 0.0235 0.9340
vn -0.4737 -0.0061 0.8807
vn -0.6577 0.0053 0.7533
vn -0.7889 -0.0138 0.6143
vn -0.9136 -0.0020 0.4065
vn -0.8840 0.0152 0.4673
vn -0.0134 0.9999 0.0058
vn -0.0338 0.9932 0.1112
vn -0.9013 -0.0042 -0.4332
vn -0.9224 -0.0013 -0.3863
vn 0.7103 0.4202 0.5647
vn -0.4868 -0.0443 -0.8724
vn -0.1865 -0.3717 -0.9094
vn -0.1313 0.0673 0.9891
vn -0.3885 0.3586 0.8488
vn -0.5014 0.0051 0.8652
vn -0.8344 0.0140 0.5510
vn -0.1366 0.9851 0.1042
vn -0.6330 0.0124 -0.7741
vn -0.4887 -0.0463 -0.8712
vn -0.3077 0.0226 -0.9512
vn -0.2001 -0.0893 -0.9757
vn -0.6967 0.0242 0.7170
vn -0.7163 0.2862 0.6363
vn -0.8740 0.0132 -0.4857
vn -0.7647 -0.0170 -0.6442
vn -0.7714 -0.0218 -0.6359
vn -0.0547 0.0000 -0.9985
vn 0.0000 -0.1233 -0.9924
vn -0.0003 -0.1362 -0.9907
vn -0.0001 -0.1362 -0.9907
vn -0.8882 -0.0018 0.4595
vn -0.0560 0.0008 -0.9984
vn -0.0000 1.0000 -0.0007
vn -0.0009 1.0000 0.0001
vn 0.0000 1.0000 -0.0011
vn -0.0002 -0.4711 -0.8821
vn 0.0001 -0.4681 -0.8837
vn 0.9587 0.0046 0.2843
vn 0.9247 0.0059 0.3807
vn 0.9093 -0.0197 0.4158
vn 0.0089 -0.3714 -0.9284
vn 0.0001 -1.0000 -0.0001
vn -0.9265 0.0125 0.3762
vn -0.9030 0.0315 0.4285
vn -0.0009 1.0000 0.0004
vn -0.0011 1.0000 0.0008
vn 0.9128 0.0091 0.4083
vn 0.8787 -0.0036 0.4773
vn -0.8747 0.0000 0.4846
vn -0.0013 1.0000 0.0010
vn -0.0016 1.0000 0.0016
vn -0.0029 1.0000 0.0042
vn -0.0038 1.0000 0.0064
vn -0.0056 0.9999 0.0110
vn 0.0053 0.9999 0.0087
vn 0.0041 1.0000 0.0060
vn 0.0023 1.0000 0.0024
vn 0.0018 1.0000 0.0014
vn 0.0014 1.0000 0.0008
vn 0.8649 0.1818 0.4679
vn 0.0001 -1.0000 0.0001
vn 0.0001 -1.0000 0.0002
vn 0.0001 -1.0000 0.0003
vn 0.0001 -1.0000 0.0012
vn -0.8396 -0.0048 0.5432
vn -0.8230 0.0002 0.5680
vn -0.7802 0.0013 0.6255
vn -0.7064 0.0030 0.7078
vn -0.6458 0.0003 0.7635
vn -0.6364 0.0027 0.7714
vn -0.5155 0.0025 0.8569
vn -0.4543 0.0021 0.8908
vn -0.4144 -0.0123 0.9100
vn -0.2662 -0.0317 0.9634
vn 0.0079 0.9998 0.0154
vn 0.7037 0.0007 0.7105
vn 0.7858 0.0131 0.6184
vn 0.8487 0.0020 0.5288
vn 0.8638 -0.0032 0.5038
vn 0.7909 -0.0146 0.6117
vn 0.7515 0.0014 0.6597
vn 0.7050 0.0003 0.7092
vn 0.5246 0.0006 0.8514
vn 0.5167 0.0020 0.8561
vn 0.4887 0.0012 0.8725
vn 0.4675 -0.0010 0.8840
vn 0.4475 0.0005 0.8943
vn 0.3933 -0.0153 0.9193
vn 0.2666 -0.0318 0.9633
vn 0.2355 -0.0482 0.9707
vn 0.1177 -0.1294 0.9846
vn 0.1135 -0.1321 0.9847
vn 0.0414 -0.1831 0.9822
vn 0.0004 -0.2359 0.9718
vn -0.0409 -0.1826 0.9823
vn -0.1090 -0.1342 0.9849
vn -0.1349 -0.1176 0.9838
vn -0.2356 -0.0479 0.9707
vn -0.7918 -0.0014 0.6108
vn -0.7197 -0.0006 0.6943
vn -0.5515 0.0000 0.8342
vn -0.5045 0.0001 0.8634
vn 0.4536 0.0381 0.8904
vn 0.5929 0.0007 0.8053
vn 0.6070 0.0042 0.7947
vn 0.8107 0.0005 0.5854
vn 0.6532 -0.0001 0.7572
vn -0.0000 0.0006 1.0000
vn 0.0003 -0.1617 0.9868
vn -0.8217 -0.0020 -0.5699
vn -0.7437 -0.0288 -0.6679
vn 0.0002 -1.0000 0.0001
vn -0.8439 -0.0048 -0.5364
vn -0.7640 0.0682 -0.6416
vn 0.7524 -0.0301 -0.6580
vn 0.8228 0.0007 -0.5683
vn 0.8479 -0.0000 -0.5301
vn 0.9079 -0.0019 -0.4191
vn 0.9325 0.0016 -0.3612
vn 0.9628 -0.0034 -0.2703
vn 0.9879 0.0006 -0.1551
vn 0.9925 -0.0032 -0.1224
vn 0.9998 0.0002 -0.0186
vn 0.9999 -0.0035 0.0107
vn 0.0002 -1.0000 0.0000
vn 0.0002 -1.0000 0.0002
vn 0.0003 -1.0000 0.0004
vn 0.0003 -1.0000 0.0007
vn 0.8740 0.0043 -0.4859
vn 0.0002 1.0000 -0.0001
vn 0.9857 0.0663 -0.1548
vn 0.9631 0.2685 -0.0179
vn 0.9505 0.3107 0.0003
vn 0.9913 0.0011 0.1317
vn 0.9900 0.0026 0.1411
vn 0.9572 -0.0237 0.2883
vn 0.8908 -0.0230 0.4537
vn 0.8339 0.0003 0.5520
vn 0.7976 0.0000 0.6032
vn 0.7945 -0.0006 0.6072
vn 0.7081 0.0007 0.7061
vn 0.6041 0.0034 0.7969
vn 0.5435 -0.0036 0.8394
vn 0.4521 0.0083 0.8919
vn 0.0016 0.0014 1.0000
vn 0.0002 0.0005 1.0000
vn 0.0008 1.0000 0.0000
vn 0.0001 1.0000 -0.0001
vn 0.7098 0.0003 0.7044
vn 0.3694 -0.0013 0.9293
vn -0.9000 0.0069 -0.4359
vn 0.7636 0.0683 -0.6420
vn -0.3784 0.0012 0.9257
vn -0.3738 0.0006 0.9275
vn -0.9355 0.3532 0.0003
vn -0.9829 0.0103 -0.1840
vn -0.9459 -0.0096 -0.3243
vn -0.9950 -0.0026 -0.0997
vn -0.9968 0.0040 0.0804
vn -0.9983 -0.0018 0.0580
vn -0.9781 0.2004 0.0568
vn -0.9796 -0.0002 0.2011
vn -0.9692 -0.0085 0.2463
vn -0.9031 -0.0189 0.4291
vn -0.8604 -0.0008 0.5095
vn -0.5183 0.0016 0.8552
vn -0.5696 -0.0076 0.8219
vn -0.6655 0.0035 0.7464
vn -0.8012 0.0027 0.5984
vn -0.7853 0.0069 0.6190
vn -0.7125 -0.0005 0.7017
vn -0.0124 -0.0010 -0.9999
vn -0.0235 0.0072 -0.9997
vn 0.0643 0.2791 -0.9581
vn 0.1602 -0.0545 -0.9856
vn 0.5003 -0.8658 0.0000
vn -0.0001 -1.0000 0.0000
vn 0.0001 -1.0000 0.0014
vn 0.0252 0.2699 -0.9626
vn 0.9255 0.2479 -0.2865
vn 0.4193 -0.7714 0.4787
vn -0.0001 -1.0000 -0.0001
vn -0.1090 0.0118 -0.9940
vn -0.0346 0.5530 -0.8325
vn 0.0757 0.6870 -0.7227
vn 0.1600 -0.0607 -0.9852
vn 0.2073 0.0847 -0.9746
vn 0.4854 -0.6308 0.6053
vn 0.0121 0.5530 0.8331
vn -0.9795 0.1119 0.1675
vn -0.9924 -0.1232 0.0000
vn 0.3927 0.2573 0.8829
vn -0.1359 0.2015 -0.9700
vn -0.0354 0.6424 -0.7655
vn 0.0282 0.6964 -0.7171
vn -0.0009 1.0000 0.0009
vn -0.0005 1.0000 -0.0005
vn 0.0000 1.0000 0.0007
vn -0.0043 -1.0000 -0.0064
vn 0.0021 -1.0000 0.0048
vn -0.0009 -1.0000 -0.0016
vn 0.0000 0.5668 0.8238
vn -0.9749 0.1477 0.1667
vn -0.5374 0.7821 0.3153
vn -0.1267 0.0013 -0.9919
vn -0.8910 0.0274 -0.4533
vn -0.8187 -0.0194 -0.5739
vn -0.7223 -0.0104 -0.6915
vn -0.4874 0.0038 -0.8732
vn -0.3700 -0.0032 -0.9290
vn -0.9054 0.1372 -0.4017
vn -0.0897 0.6870 -0.7211
vn -0.0065 0.7553 -0.6553
vn -0.0004 1.0000 -0.0008
vn -0.0003 1.0000 -0.0007
vn 0.0001 1.0000 0.0002
vn -0.9074 -0.0198 -0.4198
vn -0.8165 0.2776 -0.5063
vn -0.8367 0.0012 -0.5477
vn -0.7464 0.0096 -0.6654
vn -0.6081 0.0187 -0.7936
vn -0.5933 0.7611 -0.2622
vn -0.5536 0.8057 -0.2107
vn -0.1628 0.2413 -0.9567
vn 0.1176 0.7102 -0.6941
vn -0.4521 0.8046 -0.3849
vn -0.9049 0.0958 -0.4148
vn -0.8026 0.3198 -0.5035
vn -0.7406 0.0789 -0.6673
vn -0.6213 0.0377 -0.7827
vn -0.4260 0.0467 -0.9035
vn -0.2333 -0.0014 -0.9724
vn -0.2509 0.0153 -0.9679
vn -0.2335 0.0035 -0.9724
vn -0.3106 0.1574 -0.9374
vn -0.1368 0.6580 -0.7405
vn 0.1517 0.7061 -0.6917
vn 0.1939 0.7166 -0.6700
vn -0.1772 0.7684 -0.6150
vn -0.5166 0.7772 -0.3593
vn -0.6187 -0.0859 -0.7809
vn -0.4402 0.1451 -0.8861
vn -0.4271 0.0052 -0.9042
vn -0.2316 0.6798 -0.6959
vn -0.1793 0.6881 -0.7031
vn -0.0855 0.7179 -0.6909
vn 0.0223 0.8036 -0.5947
vn -0.1630 0.7520 -0.6387
vn -0.2353 0.7407 -0.6293
vn -0.3158 0.7567 -0.5724
vn -0.4011 0.7403 -0.5396
vn -0.5032 0.8230 -0.2638
vn -0.6890 0.2434 -0.6827
vn -0.5938 0.0894 -0.7996
vn -0.3327 0.6599 -0.6737
vn -0.2504 0.6962 -0.6728
vn -0.3506 0.7367 -0.5782
vn -0.4095 0.7504 -0.5189
vn -0.4481 0.7509 -0.4851
vn -0.5209 0.7771 -0.3533
vn -0.5719 0.7364 -0.3614
vn -0.4850 0.7315 -0.4792
vn 0.1963 -0.0111 -0.9805
vn 0.8210 -0.5699 -0.0343
vn 0.7823 -0.6228 -0.0111
vn 0.7369 -0.6760 -0.0000
vn -0.4694 0.6430 -0.6052
vn -0.4103 0.6267 -0.6625
vn 0.0030 0.2958 -0.9553
vn 0.9989 -0.0003 -0.0463
vn 0.6519 -0.7579 0.0251
vn 0.5132 -0.8579 0.0269
vn 0.0001 0.9990 -0.0438
vn -0.1154 0.9929 -0.0299
vn -0.2070 0.9783 -0.0134
vn 0.7761 -0.5374 0.3300
vn 0.5038 -0.8529 0.1367
vn 0.5670 -0.8187 0.0905
vn 0.2745 -0.9578 0.0848
vn 0.4219 -0.9062 0.0286
vn -0.9465 0.0675 -0.3157
vn -0.9401 0.2118 -0.2670
vn -0.5392 0.8235 -0.1762
vn -0.5089 0.8507 -0.1319
vn 0.1893 -0.4571 0.8690
vn 0.3582 -0.9058 0.2263
vn 0.3044 -0.9208 0.2440
vn 0.1329 -0.9496 0.2840
vn -0.0885 -0.9859 0.1422
vn 0.0190 -0.9978 -0.0632
vn -0.2677 -0.9629 0.0334
vn -0.0057 -0.9996 0.0274
vn -0.9419 -0.0038 -0.3358
vn -0.9707 0.2143 -0.1083
vn -0.5819 0.7971 -0.1617
vn -0.5915 0.7869 -0.1756
vn -0.5303 0.8471 -0.0346
vn -0.5450 0.8383 -0.0155
vn -0.4641 0.8856 0.0164
vn -0.3047 0.9524 0.0096
vn 0.1818 -0.4425 0.8782
vn 0.0340 -0.9551 0.2945
vn 0.0464 -0.9547 0.2940
vn 0.0056 -0.7318 0.6815
vn 0.0115 -0.8917 0.4525
vn -0.5159 -0.8063 0.2894
vn -0.9492 0.0090 -0.3145
vn -0.9760 0.1034 -0.1918
vn -0.5619 0.8228 -0.0847
vn -0.5459 0.8378 0.0088
vn -0.5899 0.8075 0.0070
vn -0.7665 0.6422 0.0097
vn -0.5613 0.8262 0.0484
vn -0.3634 0.9315 0.0178
vn -0.4049 0.9141 0.0201
vn -0.3877 0.9216 0.0202
vn 0.9684 0.2495 0.0042
vn -0.0302 0.1636 0.9861
vn -0.7042 -0.7096 0.0259
vn -0.5460 -0.7872 0.2866
vn -0.9420 -0.3060 0.1380
vn -0.7812 -0.1965 0.5926
vn -0.8888 -0.1285 0.4398
vn -0.9753 -0.0067 -0.2209
vn -0.9951 0.0649 -0.0748
vn -0.5750 0.8133 -0.0896
vn -0.9788 0.2043 0.0104
vn -0.8719 0.4862 0.0577
vn -0.9121 0.4046 0.0658
vn -0.6228 0.7732 0.1196
vn -0.4840 0.8684 0.1077
vn -0.5839 0.7369 0.3407
vn -0.2001 0.9795 0.0228
vn -0.1492 -0.2035 0.9676
vn -0.2121 -0.2740 0.9381
vn -0.9995 -0.0296 0.0137
vn -0.9999 -0.0007 0.0109
vn -0.9183 -0.0029 0.3958
vn -0.9809 0.0016 -0.1944
vn -0.9911 -0.0043 -0.1330
vn -0.9971 0.0150 -0.0746
vn -0.6014 0.7961 -0.0671
vn -0.9867 0.1620 0.0101
vn -0.5829 0.8124 -0.0157
vn -0.2058 0.4836 0.8508
vn -0.6958 0.2454 0.6750
vn -0.7149 0.1072 0.6910
vn -0.9885 -0.0031 0.1513
vn -0.3667 0.9298 0.0319
vn -0.3677 0.8917 0.2638
vn -0.9993 -0.0029 -0.0364
vn -0.3489 0.9357 0.0514
vn 0.0079 -0.0070 -0.9999
vn 0.0427 0.6674 -0.7435
vn 0.1139 0.0000 -0.9935
vn -1.0000 0.0000 0.0000
vn -0.0142 0.7332 -0.6799
vn -0.0009 -1.0000 0.0016
vn -0.0015 -1.0000 0.0028
vn -0.0209 0.0022 -0.9998
vn -0.6590 -0.0580 0.7499
vn -0.7002 0.1072 0.7059
vn 0.2520 0.6964 -0.6719
vn -0.5236 0.8519 0.0000
vn -0.0310 0.7553 -0.6547
vn 0.2002 0.6545 -0.7291
vn 0.1036 0.4153 -0.9038
vn 0.1276 -0.0089 -0.9918
vn 0.2449 -0.0010 -0.9696
vn 0.3757 -0.0125 -0.9266
vn -0.6965 0.3062 0.6489
vn 0.0000 0.5639 0.8258
vn 0.2387 0.7338 -0.6361
vn 0.2271 0.0076 -0.9738
vn 0.9919 -0.1271 0.0000
vn 0.9835 0.0926 0.1553
vn 0.9729 0.1335 0.1886
vn 0.0381 0.5775 0.8155
vn 0.3048 0.6738 -0.6731
vn 0.3257 0.0426 -0.9445
vn 0.3217 0.0191 -0.9467
vn 0.4080 0.1761 -0.8959
vn 0.4531 0.0146 -0.8913
vn 0.9108 0.0857 -0.4039
vn 0.7618 0.5903 0.2670
vn 0.5302 0.7783 0.3364
vn 0.3267 0.6984 -0.6368
vn 0.4491 0.0728 -0.8905
vn 0.0008 -1.0000 -0.0007
vn 0.7655 0.5932 -0.2493
vn 0.4872 -0.0047 -0.8733
vn 0.0004 -1.0000 -0.0003
vn 0.9020 0.0224 -0.4312
vn 0.2868 0.7698 -0.5703
vn 0.5057 0.2138 -0.8358
vn 0.5912 -0.0068 -0.8065
vn 0.5665 0.0124 -0.8239
vn 0.6533 0.0079 -0.7571
vn 0.6955 -0.0165 -0.7183
vn 0.7265 0.0045 -0.6872
vn 0.7815 -0.0078 -0.6239
vn 0.7799 -0.0066 -0.6259
vn 0.8391 0.0113 -0.5439
vn 0.8536 -0.0067 -0.5208
vn 0.9070 0.0117 -0.4210
vn 0.9060 0.0605 -0.4190
vn 0.2901 0.7774 -0.5581
vn 0.3697 0.6975 -0.6139
vn 0.6108 0.2223 -0.7599
vn 0.5682 0.0747 -0.8195
vn 0.7664 0.1266 -0.6297
vn 0.8376 0.0908 -0.5387
vn 0.8844 0.1603 -0.4383
vn 0.5679 0.7745 -0.2786
vn 0.5598 0.7915 -0.2451
vn 0.5486 0.8054 -0.2242
vn 0.5038 0.8280 -0.2459
vn 0.3887 0.7354 -0.5551
vn 0.6415 0.1626 -0.7497
vn 0.7130 0.1916 -0.6744
vn 0.4453 0.7004 -0.5577
vn 0.6979 0.2377 -0.6756
vn 0.8042 0.2219 -0.5514
vn 0.3852 0.7424 -0.5481
vn 0.5035 0.7175 -0.4814
vn 0.5112 0.7564 -0.4082
vn 0.5601 0.7322 -0.3875
vn 0.5421 0.7766 -0.3211
vn 0.0055 1.0000 -0.0057
vn 0.3980 0.7795 -0.4836
vn 0.4030 0.7657 -0.5013
vn 0.4691 0.7383 -0.4846
vn 0.5138 0.7945 -0.3236
vn 0.4258 0.8134 -0.3964
vn 0.4904 0.7813 -0.3860
vn 0.4691 0.7848 -0.4051
vn 0.4654 0.7432 -0.4808
vn 0.4984 0.7945 -0.3469
vn 0.0465 -0.6935 0.7190
vn 0.0668 -0.9960 0.0600
vn 0.0327 0.8436 0.5359
vn 0.0018 -0.9999 0.0115
vn 0.0158 0.8810 0.4728
vn 0.0029 0.8995 0.4369
vn 0.0017 -1.0000 0.0096
vn 0.0021 -1.0000 0.0019
vn 0.0022 -1.0000 0.0000
vn 0.0000 1.0000 0.0019
vn 0.0000 0.9402 -0.3408
vn 0.0000 0.9786 0.2057
vn -0.0000 0.9802 0.1981
vn 0.0000 1.0000 0.0011
vn -0.0409 0.0221 -0.9989
vn -0.1376 -0.2445 0.9598
vn 0.1732 -0.2429 0.9545
vn 0.5441 -0.2012 0.8145
vn 0.6570 -0.1779 0.7326
vn -0.2174 -0.2426 0.9455
vn 0.0008 -0.3718 0.9283
vn 0.1768 -0.4113 0.8942
vn 0.8633 -0.1955 0.4653
vn 0.8843 -0.1827 0.4297
vn 0.8946 -0.1034 0.4347
vn -0.3691 -0.3919 0.8427
vn -0.2462 -0.4089 0.8788
vn -0.0509 -0.3713 0.9271
vn 0.1887 -0.4748 0.8596
vn 0.6702 -0.4334 0.6024
vn 0.8370 -0.3075 0.4525
vn 0.9066 -0.1804 0.3814
vn 0.9727 -0.0478 0.2271
vn -0.6889 -0.1840 0.7011
vn -1.0000 -0.0062 -0.0000
vn -0.9934 -0.1147 -0.0000
vn -0.4354 -0.4147 0.7990
vn -0.7390 -0.1701 0.6519
vn -0.9991 -0.0123 0.0400
vn -0.9999 -0.0058 0.0137
vn -0.1286 -0.4568 0.8802
vn 0.8369 -0.3851 0.3890
vn 0.9701 -0.0997 0.2215
vn 0.9881 -0.0486 0.1461
vn 0.9939 -0.0158 0.1092
vn -1.0000 0.0000 0.0037
vn 0.9415 -0.0086 -0.3369
vn 0.9457 -0.0056 -0.3251
vn 0.8706 -0.4393 0.2216
vn 0.8823 -0.3901 0.2634
vn 0.9881 -0.1016 0.1159
vn 0.8465 -0.3700 0.3828
vn 0.9984 -0.0036 0.0566
vn 0.9991 0.0001 0.0422
vn 0.9311 0.0003 -0.3647
vn 0.9415 0.0002 -0.3370
vn 0.9507 -0.0002 -0.3102
vn 0.9850 -0.1110 0.1318
vn 0.9360 -0.3362 0.1041
vn 0.9993 -0.0272 0.0250
vn 0.9377 0.0005 -0.3473
vn 0.9508 -0.0001 -0.3098
vn 0.9665 -0.0006 -0.2568
vn 0.9996 -0.0002 0.0288
vn 0.9995 0.0000 0.0317
vn 0.9991 -0.0000 0.0415
vn 0.9999 -0.0009 0.0119
vn 0.9999 -0.0005 0.0149
vn 0.9999 -0.0055 -0.0113
vn 1.0000 -0.0013 -0.0050
vn 1.0000 -0.0010 0.0017
vn 0.9623 0.0001 -0.2721
vn 0.9849 -0.0009 -0.1733
vn 0.9707 -0.0002 -0.2402
vn 0.9821 -0.0002 -0.1886
vn 0.9987 -0.0006 -0.0514
vn 0.9995 -0.0006 -0.0331
vn 0.9999 -0.0014 -0.0154
vn 0.9873 -0.0009 -0.1592
vn 0.9880 -0.0011 -0.1542
vn 0.9901 -0.0167 -0.1390
vn 0.9973 -0.0002 -0.0740
vn 0.9894 -0.0009 -0.1450
vn 0.9934 -0.0026 -0.1146
vn 0.9971 -0.0001 -0.0758
vn 0.9920 -0.0000 -0.1266
vn 0.0003 -1.0000 -0.0001
vn 0.0009 -1.0000 -0.0000
vn -0.1967 -0.0042 -0.9805
vn -0.0033 -1.0000 -0.0000
vn -0.7382 -0.6746 0.0000
vn -0.7829 -0.6221 -0.0109
vn -0.8225 -0.5678 -0.0346
vn 0.9470 -0.0014 -0.3211
vn 0.9478 -0.0028 -0.3188
vn 0.9844 0.0116 -0.1753
vn 0.9832 0.0064 -0.1826
vn 0.9995 -0.0296 0.0138
vn 0.6957 -0.7178 0.0261
vn 0.0000 0.3058 -0.9521
vn -0.9989 0.0000 -0.0467
vn 0.0000 0.9990 -0.0439
vn -0.4967 -0.8675 0.0273
vn -0.6529 -0.7571 0.0253
vn 0.9988 -0.0108 -0.0483
vn 0.9992 -0.0053 -0.0390
vn 0.9999 -0.0006 0.0109
vn 0.9416 -0.3071 0.1384
vn 0.5121 -0.8086 0.2898
vn 0.2691 -0.9625 0.0334
vn 0.4617 0.6600 -0.5927
vn 0.2385 0.9711 -0.0065
vn 0.1257 0.9917 -0.0288
vn -0.4221 -0.9061 0.0286
vn -0.2874 -0.9545 0.0801
vn -0.5774 -0.8121 0.0844
vn -0.8666 -0.4016 0.2963
vn -0.5432 -0.8323 0.1103
vn 0.9833 -0.0307 -0.1794
vn 0.9842 0.1770 0.0100
vn 0.9802 0.1975 0.0102
vn 0.5451 -0.7878 0.2868
vn -0.0345 -0.9919 0.1225
vn 0.2083 -0.9755 0.0713
vn -0.0470 -0.9545 0.2946
vn 0.7813 -0.1984 0.5919
vn 0.9000 -0.2146 0.3794
vn 0.0075 -0.9996 0.0274
vn 0.5564 0.8050 -0.2057
vn 0.9332 0.1850 -0.3080
vn 0.9144 0.2533 -0.3156
vn 0.3055 0.9521 0.0096
vn -0.1644 -0.3918 0.9052
vn -0.3589 -0.9055 0.2265
vn -0.3018 -0.9213 0.2453
vn 0.9408 0.3167 -0.1212
vn 0.9957 0.0879 -0.0283
vn 0.8181 0.5723 0.0564
vn 0.7851 0.6193 0.0098
vn 0.9571 0.2734 0.0962
vn -0.0327 -0.9549 0.2951
vn -0.1343 -0.9493 0.2844
vn 0.9810 -0.0970 0.1679
vn 0.9046 -0.1180 0.4097
vn 0.5232 0.8521 -0.0143
vn 0.5213 0.8450 -0.1194
vn 0.4641 0.8856 0.0164
vn 0.5344 0.8452 0.0098
vn 0.0535 -0.6693 0.7410
vn -0.1373 -0.3449 0.9286
vn 0.3210 -0.5061 0.8005
vn 0.6073 0.7945 0.0071
vn 0.5653 0.8249 0.0080
vn 0.5602 0.8270 0.0480
vn 0.6194 0.7764 0.1163
vn 0.5946 0.7867 -0.1659
vn 0.3608 0.9325 0.0175
vn 0.3885 0.9212 0.0203
vn 0.4095 0.9121 0.0198
vn -0.0520 -0.3090 0.9497
vn 0.5852 0.8105 -0.0243
vn 0.5035 0.8574 0.1065
vn 0.5627 -0.0819 0.8226
vn 0.6452 0.5970 0.4767
vn 0.6880 0.1771 0.7037
vn 0.4132 0.8855 0.2123
vn 0.2085 0.0527 0.9766
vn 0.2175 0.7317 0.6460
vn 0.5749 0.8116 -0.1043
vn 0.6140 0.7852 -0.0805
vn 0.5688 0.8221 -0.0242
vn 0.5526 0.8326 -0.0377
vn 0.5556 0.8259 -0.0960
vn 0.0400 0.9988 0.0266
vn 0.3784 0.9252 0.0271
vn 0.3814 0.9209 0.0806
vn 0.2443 0.5385 0.8064
vn 0.1890 0.4749 0.8595
vn 0.3574 0.9242 0.1343
vn 0.2846 0.9581 0.0318
vn -0.0423 0.0002 -0.9991
vn 0.0000 -0.0030 -1.0000
vn -0.8947 0.0066 -0.4467
vn -0.6993 0.0209 -0.7145
vn 0.0000 0.0742 -0.9972
vn 0.0416 0.0001 -0.9991
vn 0.7503 0.0000 -0.6611
vn -0.9729 0.0036 -0.2311
vn -1.0000 0.0037 0.0000
vn 0.6741 0.0196 -0.7383
vn 0.6969 0.0183 -0.7169
vn 0.7094 0.0151 -0.7046
vn 0.7460 0.0024 -0.6659
vn 0.0000 -0.0007 1.0000
vn -1.0000 0.0010 0.0024
vn 0.0000 0.2129 0.9771
vn 0.7599 0.0024 -0.6500
vn 0.7714 0.0000 -0.6363
vn 0.7836 -0.0029 -0.6213
vn 0.7885 0.0542 0.6127
vn 0.7825 0.0160 -0.6224
vn 0.7810 0.0094 -0.6245
vn 0.7805 -0.0005 -0.6251
vn 0.8796 0.0072 0.4757
vn 0.8908 0.0040 0.4544
vn 0.8893 0.0041 0.4572
vn 0.7827 0.0005 -0.6224
vn 0.7896 -0.0003 -0.6136
vn 0.8028 0.0008 -0.5963
vn 0.8121 0.0010 -0.5835
vn 0.8116 0.0011 -0.5842
vn 0.8364 -0.0063 -0.5480
vn 0.8744 -0.0035 0.4852
vn 0.8796 -0.0007 0.4757
vn 0.8853 -0.0008 0.4651
vn 0.8506 -0.0036 -0.5258
vn 0.8500 0.0011 -0.5268
vn 0.8879 -0.0044 0.4600
vn 0.8921 -0.0006 0.4519
vn 1.0000 -0.0030 0.0030
vn 1.0000 -0.0004 0.0004
vn 1.0000 0.0037 0.0000
vn 0.9949 0.0040 0.1011
vn 0.9367 0.0137 0.3499
vn 0.8512 0.0013 -0.5249
vn 0.8618 -0.0044 -0.5072
vn 1.0000 -0.0003 -0.0000
vn 0.9094 0.0033 -0.4159
vn 0.8675 -0.0016 -0.4975
vn 1.0000 -0.0007 -0.0003
vn 0.9391 -0.0004 -0.3435
vn 0.9378 -0.0005 -0.3471
vn 0.9196 0.0024 -0.3928
vn 0.8664 -0.0017 -0.4993
vn 0.8715 -0.0017 -0.4904
vn 0.9168 -0.0007 -0.3994
vn 0.9170 0.0005 -0.3989
vn 0.8758 0.0055 -0.4826
vn 0.8849 -0.0003 -0.4658
vn 0.8966 0.0007 -0.4429
vn 0.9139 -0.0024 -0.4060
vn 0.9006 -0.0003 -0.4347
vn 0.9046 0.0011 -0.4262
vn -0.9158 -0.0377 -0.3998
vn -0.8764 -0.1159 -0.4675
vn -0.8509 -0.1686 -0.4975
vn -0.7719 -0.3219 -0.5483
vn -0.7168 -0.4128 -0.5620
vn -0.6443 -0.5152 -0.5652
vn -0.5916 -0.5810 -0.5590
vn 0.4310 -0.9024 -0.0000
vn -0.9660 -0.0068 -0.2584
vn -0.8794 -0.0024 -0.4761
vn -0.8823 -0.0018 -0.4707
vn -0.8633 -0.0013 -0.5047
vn -0.8153 -0.0008 -0.5791
vn -0.7870 0.0007 -0.6170
vn -0.7269 0.0016 -0.6868
vn -0.7071 0.0075 -0.7071
vn 0.0000 -0.7927 0.6096
vn -0.6373 -0.4576 0.6200
vn -0.8246 -0.3961 0.4038
vn -0.8668 -0.4001 0.2976
vn -0.9427 -0.0007 -0.3337
vn -0.9416 -0.0007 -0.3367
vn -0.9415 -0.0007 -0.3370
vn -0.9170 0.0006 -0.3988
vn -0.9165 0.0003 -0.4001
vn -0.7859 0.0009 -0.6184
vn -0.7517 -0.0006 -0.6595
vn -0.7331 0.0016 -0.6801
vn -0.6937 0.1937 -0.6937
vn 0.8452 0.5345 0.0000
vn 0.4409 0.0000 0.8976
vn 0.1573 -0.0987 0.9826
vn 0.0000 -0.1503 0.9886
vn -0.2619 -0.1690 0.9502
vn -0.6785 -0.1739 0.7137
vn -0.6940 -0.2660 0.6690
vn -0.6540 -0.4259 0.6252
vn -0.8877 -0.2764 0.3683
vn -0.9773 0.2101 -0.0289
vn -0.8846 -0.3853 0.2626
vn -0.9699 -0.0011 -0.2433
vn -0.7233 0.1629 -0.6710
vn -0.7818 0.1021 -0.6152
vn -0.8161 0.0695 -0.5737
vn -0.8591 0.0325 -0.5108
vn -0.8984 0.0078 -0.4390
vn -0.8596 -0.0002 -0.5110
vn -0.8181 -0.0002 -0.5751
vn 0.8448 0.5351 0.0052
vn 0.7411 0.1916 0.6435
vn 0.6768 0.1100 0.7279
vn -0.7138 -0.1649 0.6807
vn -0.8830 -0.1825 0.4324
vn -0.8932 -0.1041 0.4374
vn -0.9613 -0.1693 0.2174
vn -0.9992 -0.0295 0.0258
vn -0.9489 -0.3027 0.0890
vn -0.8835 -0.4267 0.1933
vn -0.9648 0.0004 -0.2631
vn -0.9991 0.0000 0.0421
vn -0.9985 -0.0042 0.0542
vn -0.9921 -0.0204 0.1239
vn -0.9995 0.0000 0.0317
vn -0.9995 -0.0001 0.0308
vn -0.9804 -0.0011 -0.1968
vn -0.9795 -0.0009 -0.2016
vn -0.9999 -0.0004 0.0143
vn -0.9999 -0.0009 -0.0125
vn -0.9995 0.0001 -0.0329
vn -0.9976 -0.0006 -0.0692
vn -0.9919 -0.0455 -0.1186
vn -0.9883 -0.0012 -0.1524
vn -0.9889 -0.0009 -0.1485
vn -0.9950 0.0004 -0.0998
vn 0.0645 -0.9979 -0.0021
vn 0.5350 0.8440 0.0372
vn -0.0002 -0.9660 0.2584
vn -0.0013 -0.9781 0.2083
vn 0.9533 -0.2917 0.0780
vn -0.9313 -0.3562 0.0759
vn -0.0369 -0.9993 -0.0047
vn -0.0002 -1.0000 -0.0067
vn 0.0004 -1.0000 -0.0064
vn 0.0231 -0.9997 -0.0052
vn 0.4504 0.8927 -0.0144
vn 0.9965 0.0025 0.0830
vn -0.9960 0.0329 0.0831
vn -0.0416 -0.9977 -0.0540
vn -0.0093 -0.9996 -0.0253
vn -0.0008 -0.9999 -0.0155
vn -0.0002 -0.9999 -0.0146
vn 0.0051 -0.9997 -0.0221
vn 0.0256 -0.9988 -0.0426
vn 0.1565 -0.9774 -0.1422
vn 0.4623 0.8862 0.0297
vn 0.4123 0.9106 -0.0290
vn 0.1462 0.9874 0.0601
vn 0.0102 0.0303 0.9995
vn -0.0003 -0.1003 0.9950
vn -0.0617 0.3677 0.9279
vn -0.4923 0.8698 0.0320
vn -0.6441 0.7605 -0.0824
vn -0.5204 0.7861 -0.3335
vn -0.2107 0.7937 -0.5706
vn 0.4381 0.8061 -0.3979
vn 0.3341 0.9423 0.0221
vn 0.1073 0.9891 0.1010
vn 0.0191 0.3004 0.9536
vn -0.0562 0.3430 0.9377
vn -0.4969 0.8674 -0.0267
vn 0.3174 0.7867 -0.5294
vn 0.4522 0.8861 -0.1016
vn -0.3609 0.8063 -0.4686
vn 0.0941 0.7892 -0.6069
vn 0.3180 0.8334 -0.4520
vn 0.1417 0.9899 0.0045
vn 0.1110 0.9935 0.0241
vn -0.0005 0.7653 0.6437
vn -0.0005 0.7873 0.6165
vn -0.0948 0.9947 0.0401
vn -0.3804 0.9245 0.0254
vn -0.4191 0.8929 -0.1647
vn -0.1569 0.8288 -0.5372
vn -0.0603 0.7702 -0.6349
vn 0.3532 0.9219 -0.1595
vn 0.4689 0.8242 -0.3174
vn 0.1122 0.8323 -0.5429
vn 0.1055 0.9943 0.0143
vn 0.3973 0.9075 -0.1366
vn 0.0346 0.9989 0.0329
vn -0.0208 0.9989 0.0430
vn -0.2477 0.9687 0.0152
vn -0.1804 0.9836 -0.0013
vn -0.3434 0.8742 -0.3432
vn 0.1362 0.9907 0.0042
vn 0.0713 0.9971 0.0269
vn 0.0129 0.9995 0.0285
vn -0.0861 0.9958 0.0322
vn -0.1089 0.9938 0.0202
vn -0.3146 0.9491 0.0175
vn -0.1430 0.9897 -0.0057
vn -0.0819 0.9656 -0.2467
vn 0.0573 0.9408 -0.3342
vn 0.1394 0.9881 -0.0649
vn 0.1111 0.9935 0.0240
vn 0.0670 0.9973 0.0297
vn -0.0022 0.9995 0.0312
vn -0.0483 0.9816 -0.1849
vn 0.0860 0.9945 -0.0591
vn -0.0611 0.9977 0.0284
vn -0.1231 0.9924 0.0038
vn -0.1636 0.9865 -0.0073
vn -0.2469 0.9441 -0.2184
vn -0.1509 0.9808 -0.1238
vn 0.2600 0.0464 -0.9645
vn 0.1235 0.9923 0.0018
vn -0.0439 0.9989 0.0175
vn -0.0996 0.9949 0.0152
vn 0.0942 0.9956 -0.0010
vn -0.1144 0.9934 0.0009
vn -0.0780 0.9970 -0.0001
vn -0.0210 0.9998 0.0001
vn 0.0831 0.9965 -0.0002
vn 0.0379 0.9993 -0.0001
vn 0.0348 0.9994 -0.0004
vn 0.0473 0.9988 0.0112
vn -0.0652 0.9978 0.0129
vn -0.0645 0.9979 0.0013
vn -0.0442 0.9988 0.0189
vn 0.0556 0.9984 0.0089
vn 0.0557 0.9984 0.0137
vn -0.0103 0.9999 0.0015
vn -0.0101 0.9999 0.0119
vn 0.0170 0.9997 0.0175
vn -0.9994 -0.0311 -0.0157
vn -0.9992 -0.0387 -0.0138
vn -0.9641 -0.0108 -0.2653
vn -0.9295 -0.1029 -0.3542
vn -0.7057 -0.3492 -0.6165
vn -0.5462 -0.8151 -0.1929
vn -0.5334 -0.8287 -0.1693
vn -0.0028 -0.7575 0.6528
vn 0.0000 -0.7514 0.6598
vn -0.9410 -0.1428 -0.3067
vn -0.7801 -0.2913 -0.5538
vn -0.9992 0.0399 -0.0038
vn -0.9868 0.0694 -0.1462
vn -0.2623 0.0235 0.9647
vn -0.3534 -0.1739 -0.9192
vn -0.3102 -0.1540 -0.9381
vn 0.5460 -0.8157 -0.1908
vn 0.7066 -0.3493 -0.6154
vn 0.7789 -0.2931 -0.5544
vn 0.9289 -0.1605 -0.3338
vn 0.9501 -0.1353 -0.2812
vn 0.9992 -0.0386 -0.0100
vn -0.9599 0.0660 -0.2724
vn -0.8643 0.1482 -0.4806
vn -0.9020 0.0766 -0.4249
vn 0.0000 0.0186 0.9998
vn -0.7696 0.5269 -0.3608
vn -0.8140 0.4629 -0.3510
vn -0.7901 0.3469 -0.5054
vn -0.3545 0.2063 -0.9120
vn -0.2131 0.0739 -0.9742
vn -0.2943 0.0226 -0.9554
vn -0.0065 -0.0098 -0.9999
vn -0.3933 -0.1353 -0.9094
vn 0.0001 -0.4131 -0.9107
vn 0.0000 -0.4147 -0.9100
vn -0.0037 -0.0006 -1.0000
vn 0.0000 0.0001 -1.0000
vn -0.0001 0.0001 -1.0000
vn 0.0001 -0.0001 -1.0000
vn 0.0000 -0.7291 -0.6844
vn 0.0000 -0.9631 -0.2692
vn -0.0212 -0.9914 -0.1291
vn 0.0013 -1.0000 0.0078
vn 0.5479 -0.8145 -0.1906
vn 0.3101 -0.1523 -0.9384
vn 0.9993 -0.0351 -0.0110
vn -0.1571 0.9518 -0.2633
vn -0.1254 0.9255 -0.3574
vn 0.2598 0.0234 0.9654
vn 0.0000 0.0756 -0.9971
vn 0.0000 0.0760 -0.9971
vn -0.1606 0.0008 -0.9870
vn 0.0230 -0.9928 -0.1176
vn 0.2930 -0.0970 -0.9512
vn 0.4169 -0.0720 -0.9061
vn 0.3492 -0.0183 -0.9369
vn 0.9612 -0.0143 -0.2755
vn -0.1559 0.5180 -0.8411
vn -0.2952 0.2325 -0.9267
vn 0.0000 0.9998 -0.0176
vn -0.0038 0.9996 -0.0275
vn -0.0213 0.9979 -0.0608
vn 0.9992 0.0394 -0.0018
vn 0.9867 0.0696 -0.1472
vn 0.9704 0.1490 -0.1903
vn 0.4492 0.8305 -0.3293
vn -0.1255 0.8394 -0.5288
vn -0.0902 0.7554 -0.6490
vn -0.0544 0.5340 -0.8438
vn 0.0000 0.2433 -0.9699
vn 0.0007 0.2237 -0.9747
vn 0.1928 0.0746 -0.9784
vn 0.1633 -0.0735 -0.9838
vn 0.9611 -0.0141 -0.2757
vn 0.0125 0.9989 -0.0450
vn 0.0014 0.9998 -0.0214
vn 0.0306 0.4700 -0.8821
vn 0.0001 0.3700 -0.9290
vn 0.7969 0.2638 -0.5434
vn 0.9592 0.0661 -0.2750
vn 0.9038 0.0764 -0.4210
vn 0.7802 0.3306 -0.5309
vn 0.7934 0.3734 -0.4807
vn 0.5046 0.7233 -0.4715
vn 0.1391 0.9558 -0.2589
vn 0.2279 0.2178 -0.9490
vn 0.3004 0.0231 -0.9535
vn 0.2184 0.0137 -0.9758
vn 0.1210 0.8929 -0.4337
vn 0.1249 0.8396 -0.5286
vn 0.0542 0.5566 -0.8290
vn 0.0565 0.5720 -0.8183
vn 0.4959 0.3048 -0.8131
usemtl Default_OBJ
s off
f 1//1 2//1 3//1
f 1//2 3//2 4//2
f 3//3 2//3 5//3
f 3//3 5//3 6//3
f 3//3 6//3 7//3
f 3//3 7//3 8//3
f 3//3 8//3 9//3
f 3//3 9//3 10//3
f 3//3 10//3 11//3
f 3//3 11//3 12//3
f 3//3 12//3 13//3
f 4//4 3//4 14//4
f 3//5 13//5 14//5
f 14//6 15//6 4//6
f 13//7 12//7 16//7
f 13//8 16//8 17//8
f 13//9 17//9 14//9
f 15//10 14//10 18//10
f 4//11 19//11 1//11
f 4//12 15//12 19//12
f 16//13 20//13 21//13
f 16//14 22//14 20//14
f 16//15 21//15 17//15
f 14//16 17//16 18//16
f 1//17 19//17 23//17
f 12//18 24//18 25//18
f 12//19 25//19 16//19
f 16//20 25//20 26//20
f 16//21 26//21 22//21
f 21//22 18//22 17//22
f 18//23 27//23 15//23
f 1//24 5//24 2//24
f 12//25 11//25 24//25
f 11//26 28//26 24//26
f 24//27 28//27 29//27
f 24//28 29//28 30//28
f 24//29 30//29 25//29
f 25//30 30//30 31//30
f 15//31 27//31 19//31
f 25//32 31//32 26//32
f 22//33 32//33 20//33
f 23//34 5//34 1//34
f 11//35 10//35 33//35
f 11//36 33//36 28//36
f 28//37 33//37 29//37
f 21//38 20//38 34//38
f 20//39 32//39 34//39
f 21//40 27//40 18//40
f 35//41 19//41 27//41
f 29//42 33//42 36//42
f 31//43 30//43 37//43
f 22//44 38//44 32//44
f 38//45 39//45 32//45
f 21//46 34//46 27//46
f 19//47 40//47 23//47
f 30//48 29//48 36//48
f 26//49 38//49 22//49
f 19//50 35//50 40//50
f 23//51 6//51 5//51
f 10//52 41//52 33//52
f 36//53 33//53 42//53
f 30//54 36//54 37//54
f 31//55 37//55 43//55
f 31//56 43//56 26//56
f 38//57 44//57 39//57
f 32//58 45//58 34//58
f 27//59 34//59 35//59
f 23//60 40//60 6//60
f 6//61 40//61 46//61
f 26//62 43//62 38//62
f 32//63 39//63 45//63
f 35//64 47//64 40//64
f 40//65 47//65 46//65
f 42//66 48//66 36//66
f 42//67 33//67 41//67
f 44//68 38//68 43//68
f 34//69 45//69 35//69
f 10//70 9//70 41//70
f 37//71 36//71 49//71
f 37//72 49//72 43//72
f 36//73 48//73 49//73
f 49//74 50//74 43//74
f 39//75 44//75 51//75
f 44//76 43//76 50//76
f 9//77 42//77 41//77
f 39//78 46//78 45//78
f 6//79 46//79 7//79
f 47//80 45//80 46//80
f 46//81 51//81 7//81
f 42//82 52//82 48//82
f 42//83 9//83 8//83
f 42//84 8//84 52//84
f 39//85 51//85 46//85
f 44//86 50//86 51//86
f 45//87 47//87 35//87
f 52//88 49//88 48//88
f 8//89 7//89 52//89
f 50//90 49//90 51//90
f 52//91 7//91 51//91
f 52//92 51//92 49//92
f 53//93 54//93 55//93
f 53//94 55//94 56//94
f 57//95 58//95 59//95
f 57//96 59//96 54//96
f 54//97 59//97 60//97
f 56//98 55//98 61//98
f 53//99 56//99 62//99
f 54//100 53//100 57//100
f 57//101 53//101 62//101
f 57//102 63//102 58//102
f 58//3 63//3 62//3
f 58//3 62//3 64//3
f 58//3 64//3 65//3
f 58//3 65//3 66//3
f 58//103 66//103 67//103
f 58//104 67//104 68//104
f 58//105 68//105 59//105
f 56//106 61//106 69//106
f 56//107 69//107 70//107
f 56//108 70//108 71//108
f 55//109 54//109 60//109
f 56//110 71//110 62//110
f 62//111 71//111 64//111
f 62//112 63//112 57//112
f 66//113 72//113 73//113
f 66//114 73//114 67//114
f 66//115 74//115 72//115
f 59//116 68//116 67//116
f 59//117 67//117 73//117
f 59//118 73//118 72//118
f 59//119 72//119 75//119
f 59//120 75//120 76//120
f 59//121 76//121 60//121
f 60//122 76//122 77//122
f 70//123 69//123 78//123
f 55//124 60//124 61//124
f 71//125 70//125 79//125
f 71//126 80//126 64//126
f 71//127 79//127 80//127
f 64//128 74//128 65//128
f 64//129 80//129 81//129
f 64//130 81//130 82//130
f 64//131 82//131 74//131
f 74//132 66//132 65//132
f 69//133 61//133 78//133
f 61//134 77//134 83//134
f 70//135 78//135 84//135
f 70//136 84//136 85//136
f 70//137 85//137 79//137
f 74//138 86//138 72//138
f 60//139 77//139 61//139
f 61//140 83//140 78//140
f 79//141 87//141 80//141
f 80//142 87//142 81//142
f 79//143 85//143 88//143
f 79//144 88//144 87//144
f 74//145 82//145 86//145
f 76//146 89//146 77//146
f 78//147 90//147 84//147
f 85//148 91//148 92//148
f 87//149 93//149 94//149
f 87//150 94//150 81//150
f 81//151 94//151 95//151
f 95//152 82//152 81//152
f 76//153 75//153 96//153
f 83//154 89//154 90//154
f 83//155 77//155 89//155
f 78//156 83//156 90//156
f 84//157 91//157 85//157
f 91//158 97//158 98//158
f 91//159 98//159 92//159
f 87//160 88//160 93//160
f 95//161 86//161 82//161
f 88//162 85//162 99//162
f 72//163 86//163 100//163
f 86//164 101//164 100//164
f 76//165 96//165 89//165
f 90//166 91//166 84//166
f 85//167 92//167 99//167
f 75//168 102//168 96//168
f 96//169 102//169 97//169
f 90//170 96//170 91//170
f 98//171 97//171 102//171
f 93//172 100//172 94//172
f 92//173 98//173 103//173
f 99//174 93//174 88//174
f 100//175 75//175 72//175
f 75//176 103//176 102//176
f 89//177 96//177 90//177
f 91//178 96//178 97//178
f 93//179 99//179 104//179
f 93//180 104//180 100//180
f 94//181 100//181 101//181
f 94//182 101//182 95//182
f 86//183 95//183 101//183
f 92//184 103//184 99//184
f 102//185 103//185 98//185
f 100//186 104//186 75//186
f 75//187 104//187 103//187
f 99//188 103//188 104//188
f 105//189 106//189 107//189
f 105//190 108//190 109//190
f 105//191 110//191 106//191
f 107//192 111//192 112//192
f 107//193 106//193 111//193
f 108//194 113//194 114//194
f 108//194 114//194 115//194
f 108//195 116//195 117//195
f 108//196 117//196 118//196
f 108//197 118//197 119//197
f 108//198 119//198 109//198
f 108//194 105//194 120//194
f 108//194 120//194 113//194
f 109//199 121//199 122//199
f 109//194 122//194 123//194
f 109//194 123//194 110//194
f 109//194 110//194 105//194
f 113//200 124//200 114//200
f 115//201 114//201 125//201
f 115//202 126//202 108//202
f 109//203 127//203 128//203
f 109//204 128//204 121//204
f 121//205 129//205 122//205
f 122//206 130//206 123//206
f 123//207 130//207 131//207
f 123//208 106//208 110//208
f 112//209 111//209 132//209
f 106//210 131//210 111//210
f 112//211 133//211 107//211
f 115//212 134//212 126//212
f 115//213 125//213 134//213
f 126//214 134//214 108//214
f 108//215 134//215 135//215
f 105//216 107//216 120//216
f 120//217 133//217 113//217
f 109//218 136//218 127//218
f 127//219 136//219 137//219
f 127//220 137//220 128//220
f 128//221 137//221 121//221
f 121//222 137//222 130//222
f 121//223 130//223 129//223
f 129//224 130//224 122//224
f 130//225 137//225 138//225
f 130//225 138//225 139//225
f 130//225 139//225 140//225
f 130//225 140//225 132//225
f 130//225 132//225 141//225
f 130//226 141//226 131//226
f 123//227 131//227 106//227
f 131//228 132//228 111//228
f 107//229 133//229 120//229
f 108//230 135//230 142//230
f 113//231 133//231 124//231
f 109//232 143//232 136//232
f 136//233 138//233 137//233
f 124//234 125//234 114//234
f 142//235 116//235 108//235
f 124//236 133//236 144//236
f 109//237 145//237 143//237
f 112//238 146//238 144//238
f 124//239 144//239 125//239
f 109//240 119//240 145//240
f 143//241 147//241 136//241
f 131//242 141//242 132//242
f 112//243 132//243 146//243
f 133//244 112//244 144//244
f 125//245 148//245 134//245
f 134//246 149//246 135//246
f 145//247 150//247 143//247
f 136//248 147//248 139//248
f 136//249 139//249 138//249
f 132//250 140//250 146//250
f 135//251 151//251 142//251
f 143//252 150//252 147//252
f 146//253 148//253 144//253
f 134//254 148//254 146//254
f 134//255 146//255 149//255
f 150//256 139//256 147//256
f 144//257 148//257 125//257
f 142//258 152//258 116//258
f 139//259 150//259 153//259
f 135//260 149//260 151//260
f 152//261 142//261 153//261
f 150//262 154//262 153//262
f 155//263 154//263 150//263
f 155//264 150//264 145//264
f 142//265 151//265 153//265
f 152//266 117//266 116//266
f 145//267 119//267 155//267
f 139//268 153//268 140//268
f 155//269 119//269 118//269
f 154//270 155//270 156//270
f 154//271 156//271 153//271
f 146//272 140//272 153//272
f 146//273 153//273 149//273
f 118//274 156//274 155//274
f 156//275 152//275 153//275
f 151//276 149//276 153//276
f 118//277 117//277 156//277
f 156//278 117//278 152//278
f 157//279 158//279 159//279
f 157//280 159//280 160//280
f 157//281 160//281 161//281
f 159//282 158//282 162//282
f 158//283 163//283 162//283
f 161//194 164//194 165//194
f 161//194 165//194 166//194
f 161//194 166//194 167//194
f 161//194 167//194 168//194
f 161//194 168//194 169//194
f 161//194 169//194 170//194
f 161//194 170//194 171//194
f 161//194 171//194 172//194
f 161//194 172//194 173//194
f 161//194 173//194 174//194
f 161//284 174//284 175//284
f 161//285 175//285 176//285
f 161//286 176//286 157//286
f 159//287 161//287 160//287
f 162//282 177//282 159//282
f 162//282 163//282 178//282
f 162//288 178//288 179//288
f 162//288 179//288 180//288
f 162//289 180//289 181//289
f 158//290 157//290 182//290
f 163//282 183//282 184//282
f 163//291 184//291 185//291
f 163//292 185//292 178//292
f 174//293 186//293 187//293
f 175//294 188//294 176//294
f 162//295 189//295 166//295
f 162//296 190//296 191//296
f 162//297 191//297 189//297
f 162//298 165//298 177//298
f 177//299 165//299 164//299
f 158//300 182//300 163//300
f 163//301 182//301 192//301
f 183//302 193//302 184//302
f 184//303 188//303 185//303
f 184//304 193//304 188//304
f 185//292 194//292 178//292
f 187//305 195//305 174//305
f 187//306 178//306 195//306
f 174//307 195//307 175//307
f 176//308 182//308 157//308
f 175//309 196//309 188//309
f 161//310 159//310 164//310
f 162//311 181//311 190//311
f 189//312 191//312 167//312
f 189//295 167//295 166//295
f 162//313 166//313 165//313
f 190//314 168//314 191//314
f 177//315 164//315 159//315
f 192//316 176//316 183//316
f 192//317 183//317 163//317
f 183//318 176//318 193//318
f 185//319 197//319 194//319
f 194//320 197//320 198//320
f 194//321 198//321 199//321
f 178//322 194//322 200//322
f 178//323 200//323 201//323
f 178//324 201//324 202//324
f 187//325 186//325 178//325
f 175//326 199//326 203//326
f 175//327 203//327 196//327
f 190//328 169//328 168//328
f 167//329 191//329 168//329
f 193//330 176//330 188//330
f 185//331 188//331 196//331
f 185//332 196//332 197//332
f 197//333 196//333 203//333
f 197//334 203//334 198//334
f 194//335 199//335 204//335
f 194//336 204//336 200//336
f 200//337 205//337 201//337
f 201//338 206//338 202//338
f 178//339 202//339 195//339
f 195//340 202//340 207//340
f 195//341 205//341 175//341
f 175//342 205//342 199//342
f 174//343 180//343 179//343
f 174//344 179//344 186//344
f 182//345 176//345 192//345
f 181//346 171//346 208//346
f 181//347 208//347 190//347
f 198//348 203//348 199//348
f 204//349 199//349 205//349
f 200//350 204//350 205//350
f 178//325 186//325 179//325
f 202//351 206//351 207//351
f 195//352 207//352 205//352
f 181//353 172//353 171//353
f 208//354 171//354 170//354
f 208//355 170//355 169//355
f 208//356 169//356 190//356
f 201//357 205//357 206//357
f 205//358 207//358 206//358
f 174//359 173//359 180//359
f 172//360 181//360 173//360
f 180//361 173//361 181//361
f 209//362 210//362 211//362
f 209//3 211//3 212//3
f 209//3 212//3 213//3
f 209//363 213//363 214//363
f 209//364 214//364 215//364
f 209//365 215//365 210//365
f 210//366 216//366 217//366
f 211//367 210//367 218//367
f 211//368 218//368 219//368
f 211//369 219//369 220//369
f 211//370 220//370 212//370
f 210//371 215//371 221//371
f 210//372 221//372 216//372
f 214//373 213//373 212//373
f 214//374 212//374 222//374
f 214//375 222//375 221//375
f 214//376 221//376 215//376
f 216//377 221//377 223//377
f 216//282 223//282 224//282
f 216//282 224//282 225//282
f 216//282 225//282 226//282
f 216//282 226//282 227//282
f 216//282 227//282 228//282
f 216//282 228//282 229//282
f 216//282 229//282 230//282
f 210//378 217//378 218//378
f 218//379 217//379 231//379
f 218//380 231//380 219//380
f 219//381 231//381 232//381
f 212//382 233//382 222//382
f 222//383 233//383 221//383
f 216//384 231//384 217//384
f 219//385 232//385 234//385
f 219//386 234//386 235//386
f 219//387 235//387 236//387
f 219//388 236//388 237//388
f 219//389 237//389 238//389
f 220//390 239//390 240//390
f 220//391 240//391 241//391
f 220//392 241//392 242//392
f 220//393 242//393 243//393
f 220//394 243//394 212//394
f 233//395 212//395 243//395
f 223//396 221//396 244//396
f 223//396 244//396 245//396
f 223//396 245//396 246//396
f 223//396 246//396 247//396
f 223//397 247//397 248//397
f 223//397 248//397 249//397
f 223//398 249//398 250//398
f 223//398 250//398 251//398
f 223//399 251//399 252//399
f 231//400 216//400 230//400
f 232//401 231//401 230//401
f 234//402 232//402 229//402
f 235//403 234//403 228//403
f 235//404 228//404 227//404
f 235//405 227//405 236//405
f 236//406 226//406 237//406
f 238//407 237//407 225//407
f 238//408 225//408 224//408
f 238//409 224//409 219//409
f 220//410 253//410 239//410
f 241//411 246//411 242//411
f 242//412 254//412 243//412
f 233//413 243//413 244//413
f 233//414 244//414 221//414
f 244//415 254//415 245//415
f 245//416 254//416 242//416
f 246//417 245//417 242//417
f 249//418 248//418 240//418
f 249//419 240//419 239//419
f 249//420 239//420 255//420
f 249//421 255//421 250//421
f 250//422 255//422 253//422
f 250//423 253//423 251//423
f 251//424 253//424 220//424
f 251//425 220//425 256//425
f 251//426 256//426 252//426
f 252//427 256//427 257//427
f 252//428 257//428 258//428
f 252//429 258//429 223//429
f 223//430 258//430 259//430
f 223//431 259//431 260//431
f 223//432 260//432 224//432
f 219//433 224//433 260//433
f 230//434 229//434 232//434
f 234//435 229//435 228//435
f 236//436 227//436 226//436
f 226//437 225//437 237//437
f 253//438 255//438 239//438
f 240//439 248//439 247//439
f 240//440 247//440 241//440
f 243//441 254//441 244//441
f 246//442 241//442 247//442
f 256//443 220//443 219//443
f 256//443 219//443 260//443
f 256//225 260//225 259//225
f 256//225 259//225 257//225
f 258//444 257//444 259//444
f 261//3 262//3 263//3
f 261//3 263//3 264//3
f 261//3 264//3 265//3
f 261//3 265//3 266//3
f 261//445 267//445 268//445
f 261//446 266//446 267//446
f 267//447 266//447 265//447
f 267//288 265//288 269//288
f 267//282 269//282 270//282
f 267//282 270//282 271//282
f 267//282 271//282 272//282
f 267//282 272//282 273//282
f 267//282 273//282 274//282
f 267//282 274//282 275//282
f 267//282 275//282 276//282
f 267//282 276//282 277//282
f 267//282 277//282 278//282
f 268//194 279//194 280//194
f 268//194 280//194 281//194
f 268//194 281//194 282//194
f 268//194 282//194 283//194
f 268//194 283//194 284//194
f 268//194 284//194 285//194
f 268//194 285//194 286//194
f 268//194 286//194 287//194
f 268//194 287//194 288//194
f 268//194 288//194 289//194
f 268//194 289//194 290//194
f 268//194 290//194 262//194
f 265//282 291//282 292//282
f 265//282 292//282 293//282
f 265//282 293//282 294//282
f 265//282 294//282 295//282
f 265//282 295//282 296//282
f 265//288 296//288 269//288
f 267//448 278//448 268//448
f 261//449 268//449 262//449
f 265//450 264//450 291//450
f 291//451 264//451 297//451
f 291//452 297//452 292//452
f 292//453 298//453 293//453
f 293//454 298//454 299//454
f 293//455 299//455 294//455
f 294//455 299//455 300//455
f 294//456 300//456 301//456
f 294//457 301//457 295//457
f 295//458 301//458 302//458
f 295//459 302//459 296//459
f 269//460 296//460 303//460
f 269//447 303//447 304//447
f 269//447 304//447 305//447
f 269//461 305//461 306//461
f 269//461 306//461 307//461
f 269//462 307//462 308//462
f 269//463 308//463 309//463
f 292//464 297//464 298//464
f 297//465 290//465 298//465
f 300//466 299//466 301//466
f 301//467 299//467 302//467
f 302//468 299//468 310//468
f 296//469 302//469 303//469
f 303//470 302//470 310//470
f 303//471 310//471 304//471
f 304//472 310//472 305//472
f 305//473 310//473 290//473
f 305//474 289//474 306//474
f 305//475 290//475 289//475
f 307//476 306//476 289//476
f 307//477 288//477 287//477
f 307//478 287//478 308//478
f 308//479 287//479 286//479
f 309//480 286//480 285//480
f 309//481 285//481 269//481
f 290//482 310//482 299//482
f 290//465 299//465 298//465
f 290//483 297//483 263//483
f 290//483 263//483 262//483
f 289//484 288//484 307//484
f 308//485 286//485 309//485
f 268//486 278//486 279//486
f 297//487 264//487 263//487
f 285//488 284//488 270//488
f 285//489 270//489 269//489
f 279//490 311//490 280//490
f 279//491 277//491 311//491
f 278//492 277//492 279//492
f 277//493 276//493 311//493
f 311//494 276//494 275//494
f 311//495 275//495 312//495
f 311//496 312//496 280//496
f 280//497 312//497 275//497
f 280//498 275//498 274//498
f 280//499 274//499 273//499
f 280//500 273//500 281//500
f 284//501 283//501 270//501
f 283//502 271//502 270//502
f 283//503 282//503 271//503
f 273//504 272//504 281//504
f 272//505 282//505 281//505
f 282//506 272//506 271//506
f 313//507 314//507 315//507
f 313//508 315//508 316//508
f 313//509 317//509 318//509
f 314//510 313//510 319//510
f 314//511 319//511 320//511
f 314//511 320//511 321//511
f 314//512 321//512 322//512
f 314//513 322//513 323//513
f 314//282 323//282 315//282
f 313//514 316//514 317//514
f 319//515 324//515 325//515
f 319//280 325//280 326//280
f 319//280 326//280 320//280
f 321//516 320//516 327//516
f 321//517 327//517 322//517
f 315//518 328//518 316//518
f 316//519 329//519 317//519
f 317//520 330//520 318//520
f 313//521 318//521 319//521
f 319//522 318//522 324//522
f 320//523 326//523 327//523
f 322//282 327//282 331//282
f 327//524 332//524 333//524
f 327//525 333//525 334//525
f 327//526 334//526 331//526
f 327//527 326//527 332//527
f 328//528 329//528 316//528
f 317//529 329//529 335//529
f 317//530 335//530 330//530
f 326//194 325//194 336//194
f 326//531 336//531 337//531
f 326//532 337//532 338//532
f 326//533 338//533 332//533
f 322//282 331//282 339//282
f 322//282 339//282 340//282
f 322//534 340//534 341//534
f 322//535 341//535 342//535
f 322//536 342//536 343//536
f 332//537 338//537 333//537
f 333//538 344//538 334//538
f 333//539 338//539 344//539
f 315//540 323//540 328//540
f 338//190 337//190 345//190
f 339//541 331//541 334//541
f 339//542 346//542 340//542
f 340//543 347//543 341//543
f 343//544 342//544 348//544
f 322//545 343//545 349//545
f 344//546 350//546 334//546
f 329//547 351//547 335//547
f 335//548 337//548 330//548
f 337//549 352//549 353//549
f 337//550 353//550 354//550
f 337//551 354//551 345//551
f 339//552 334//552 355//552
f 355//553 350//553 346//553
f 339//554 355//554 346//554
f 346//555 347//555 340//555
f 341//556 348//556 342//556
f 344//557 356//557 350//557
f 344//558 338//558 356//558
f 329//559 328//559 357//559
f 336//560 318//560 330//560
f 354//561 358//561 345//561
f 355//562 334//562 350//562
f 346//563 350//563 359//563
f 346//564 359//564 347//564
f 341//565 347//565 348//565
f 348//566 349//566 343//566
f 349//567 328//567 322//567
f 323//568 322//568 328//568
f 357//569 328//569 349//569
f 357//570 349//570 360//570
f 357//571 351//571 329//571
f 318//572 336//572 324//572
f 325//573 324//573 336//573
f 352//574 337//574 361//574
f 345//575 358//575 359//575
f 347//576 362//576 348//576
f 363//577 360//577 348//577
f 348//578 360//578 349//578
f 361//579 357//579 360//579
f 361//580 351//580 357//580
f 351//581 337//581 335//581
f 330//582 337//582 336//582
f 351//583 361//583 337//583
f 352//584 361//584 364//584
f 352//585 364//585 353//585
f 353//586 363//586 362//586
f 338//587 345//587 356//587
f 347//588 359//588 362//588
f 362//589 363//589 348//589
f 363//590 364//590 360//590
f 360//591 364//591 361//591
f 364//592 363//592 353//592
f 353//593 362//593 354//593
f 354//594 362//594 358//594
f 345//595 359//595 356//595
f 350//596 356//596 359//596
f 362//597 359//597 358//597
f 365//598 366//598 367//598
f 365//599 367//599 368//599
f 365//600 368//600 369//600
f 365//601 369//601 370//601
f 365//282 370//282 371//282
f 365//282 371//282 372//282
f 365//282 372//282 373//282
f 365//282 373//282 374//282
f 365//282 374//282 375//282
f 365//282 375//282 376//282
f 366//602 377//602 378//602
f 366//603 378//603 379//603
f 366//604 379//604 367//604
f 367//605 380//605 368//605
f 368//280 380//280 381//280
f 368//280 381//280 382//280
f 368//280 382//280 383//280
f 368//280 383//280 369//280
f 370//606 369//606 384//606
f 370//607 384//607 371//607
f 379//608 380//608 367//608
f 380//609 379//609 385//609
f 380//610 385//610 386//610
f 369//611 383//611 387//611
f 369//612 387//612 388//612
f 369//613 388//613 384//613
f 384//614 388//614 389//614
f 384//615 389//615 371//615
f 377//616 366//616 390//616
f 377//617 390//617 391//617
f 379//618 378//618 392//618
f 379//619 392//619 385//619
f 383//620 393//620 387//620
f 387//621 393//621 388//621
f 388//622 393//622 394//622
f 388//623 394//623 395//623
f 388//624 396//624 389//624
f 388//625 397//625 396//625
f 389//626 396//626 372//626
f 389//627 372//627 371//627
f 366//628 365//628 376//628
f 391//629 398//629 399//629
f 377//630 391//630 378//630
f 392//631 378//631 391//631
f 385//632 400//632 386//632
f 386//633 400//633 401//633
f 386//634 402//634 403//634
f 386//635 404//635 380//635
f 383//636 405//636 393//636
f 388//637 395//637 406//637
f 388//638 406//638 397//638
f 394//639 393//639 407//639
f 394//640 407//640 395//640
f 397//641 406//641 396//641
f 366//642 376//642 390//642
f 391//643 390//643 398//643
f 385//644 392//644 400//644
f 401//645 402//645 386//645
f 402//646 401//646 399//646
f 402//647 399//647 408//647
f 403//648 402//648 409//648
f 386//649 410//649 404//649
f 386//650 403//650 411//650
f 386//651 411//651 410//651
f 404//652 381//652 380//652
f 383//653 382//653 405//653
f 396//654 373//654 372//654
f 396//655 406//655 412//655
f 396//656 412//656 413//656
f 406//657 395//657 414//657
f 406//658 414//658 412//658
f 390//659 376//659 375//659
f 398//660 415//660 399//660
f 392//661 391//661 400//661
f 408//662 399//662 413//662
f 402//663 408//663 409//663
f 409//664 408//664 413//664
f 403//665 409//665 414//665
f 403//666 414//666 411//666
f 411//667 414//667 416//667
f 404//668 410//668 381//668
f 393//669 405//669 416//669
f 393//670 416//670 407//670
f 373//671 396//671 413//671
f 373//672 413//672 415//672
f 412//673 414//673 409//673
f 375//674 398//674 390//674
f 398//675 375//675 374//675
f 398//676 374//676 415//676
f 399//677 400//677 391//677
f 413//678 399//678 415//678
f 401//679 400//679 399//679
f 405//680 382//680 416//680
f 416//681 414//681 407//681
f 395//682 407//682 414//682
f 409//683 413//683 412//683
f 410//684 411//684 381//684
f 382//685 411//685 416//685
f 374//686 373//686 415//686
f 382//687 381//687 411//687
f 417//688 418//688 419//688
f 417//689 420//689 421//689
f 418//690 417//690 422//690
f 418//282 423//282 419//282
f 419//282 423//282 424//282
f 419//691 424//691 425//691
f 419//691 425//691 426//691
f 420//692 417//692 426//692
f 423//282 418//282 427//282
f 423//693 428//693 429//693
f 423//694 429//694 430//694
f 423//292 430//292 424//292
f 419//695 426//695 417//695
f 424//696 431//696 432//696
f 424//697 432//697 425//697
f 420//698 433//698 434//698
f 426//699 425//699 435//699
f 426//699 435//699 436//699
f 426//700 436//700 420//700
f 434//701 421//701 420//701
f 421//702 422//702 417//702
f 422//703 427//703 418//703
f 423//704 427//704 421//704
f 423//705 437//705 428//705
f 425//706 432//706 435//706
f 424//377 430//377 431//377
f 432//707 431//707 438//707
f 432//194 438//194 439//194
f 432//194 439//194 440//194
f 432//194 440//194 441//194
f 432//194 441//194 436//194
f 432//194 436//194 435//194
f 436//708 433//708 420//708
f 422//709 421//709 427//709
f 431//512 430//512 442//512
f 431//710 442//710 443//710
f 431//711 443//711 444//711
f 431//712 444//712 445//712
f 431//713 445//713 438//713
f 434//714 433//714 446//714
f 434//715 437//715 421//715
f 437//716 423//716 421//716
f 437//717 434//717 446//717
f 428//718 437//718 447//718
f 444//719 443//719 448//719
f 445//720 444//720 449//720
f 445//721 449//721 438//721
f 433//722 450//722 446//722
f 437//723 446//723 447//723
f 430//724 451//724 442//724
f 444//725 448//725 449//725
f 428//726 447//726 429//726
f 430//377 452//377 451//377
f 451//727 452//727 453//727
f 442//728 451//728 443//728
f 433//729 436//729 450//729
f 446//730 454//730 447//730
f 455//731 430//731 429//731
f 455//732 429//732 447//732
f 430//733 455//733 456//733
f 430//734 456//734 452//734
f 452//735 456//735 457//735
f 452//736 457//736 458//736
f 452//737 458//737 453//737
f 453//738 458//738 459//738
f 453//739 459//739 451//739
f 451//740 459//740 443//740
f 443//741 459//741 448//741
f 450//742 436//742 441//742
f 450//743 454//743 446//743
f 454//744 460//744 455//744
f 447//745 454//745 455//745
f 457//746 461//746 458//746
f 459//747 458//747 462//747
f 459//748 462//748 448//748
f 462//749 463//749 448//749
f 448//750 463//750 449//750
f 449//751 463//751 438//751
f 438//752 463//752 439//752
f 450//753 464//753 454//753
f 455//754 460//754 456//754
f 456//755 461//755 457//755
f 454//756 464//756 460//756
f 456//757 460//757 461//757
f 461//758 462//758 458//758
f 450//759 441//759 464//759
f 460//760 465//760 461//760
f 461//761 465//761 466//761
f 461//762 466//762 462//762
f 462//763 466//763 463//763
f 441//764 440//764 467//764
f 467//765 468//765 441//765
f 441//766 468//766 464//766
f 460//767 464//767 465//767
f 463//768 466//768 439//768
f 467//769 440//769 468//769
f 465//770 440//770 466//770
f 465//771 468//771 440//771
f 468//772 465//772 464//772
f 440//773 439//773 466//773
f 469//774 470//774 471//774
f 469//775 471//775 472//775
f 469//280 472//280 473//280
f 469//280 473//280 474//280
f 469//280 474//280 475//280
f 469//280 475//280 476//280
f 469//280 476//280 477//280
f 469//776 477//776 470//776
f 470//777 478//777 471//777
f 470//778 477//778 476//778
f 470//779 476//779 479//779
f 470//691 479//691 480//691
f 470//691 480//691 481//691
f 470//691 481//691 482//691
f 470//691 482//691 483//691
f 470//691 483//691 484//691
f 470//282 484//282 485//282
f 470//282 485//282 486//282
f 470//282 486//282 478//282
f 471//780 478//780 486//780
f 471//781 486//781 472//781
f 472//782 486//782 485//782
f 472//782 485//782 473//782
f 476//783 475//783 480//783
f 476//784 480//784 487//784
f 476//785 487//785 479//785
f 479//786 487//786 480//786
f 484//3 483//3 488//3
f 484//3 488//3 489//3
f 484//3 489//3 474//3
f 484//3 474//3 473//3
f 484//3 473//3 485//3
f 475//787 490//787 481//787
f 475//783 481//783 480//783
f 475//194 474//194 489//194
f 475//194 489//194 491//194
f 475//194 491//194 490//194
f 483//788 482//788 488//788
f 490//190 491//190 481//190
f 481//194 491//194 489//194
f 481//194 489//194 482//194
f 482//194 489//194 488//194
f 492//194 493//194 494//194
f 492//194 494//194 495//194
f 492//194 495//194 496//194
f 492//194 496//194 497//194
f 492//194 497//194 498//194
f 492//194 498//194 499//194
f 492//194 499//194 500//194
f 492//194 500//194 501//194
f 492//194 501//194 502//194
f 492//194 502//194 503//194
f 492//194 503//194 504//194
f 492//194 504//194 505//194
f 492//194 505//194 506//194
f 492//194 506//194 507//194
f 492//194 507//194 508//194
f 492//194 508//194 509//194
f 492//194 509//194 510//194
f 492//194 510//194 511//194
f 492//789 511//789 512//789
f 492//790 512//790 513//790
f 492//791 513//791 514//791
f 492//792 514//792 493//792
f 511//793 515//793 512//793
f 513//794 512//794 516//794
f 513//795 516//795 517//795
f 513//796 517//796 514//796
f 514//797 517//797 518//797
f 514//798 518//798 493//798
f 515//799 519//799 520//799
f 515//800 520//800 516//800
f 515//801 516//801 512//801
f 517//802 516//802 521//802
f 517//803 521//803 522//803
f 517//804 522//804 523//804
f 517//805 523//805 518//805
f 493//806 518//806 524//806
f 511//807 519//807 515//807
f 519//808 525//808 526//808
f 519//808 526//808 527//808
f 519//809 527//809 528//809
f 519//809 528//809 521//809
f 519//810 521//810 520//810
f 519//811 511//811 510//811
f 519//812 510//812 509//812
f 519//813 509//813 525//813
f 520//814 521//814 516//814
f 521//282 528//282 529//282
f 521//282 529//282 530//282
f 521//282 530//282 531//282
f 521//282 531//282 532//282
f 521//282 532//282 533//282
f 521//282 533//282 534//282
f 521//282 534//282 535//282
f 521//815 536//815 522//815
f 518//816 523//816 537//816
f 518//817 537//817 524//817
f 493//818 524//818 494//818
f 525//819 509//819 508//819
f 525//691 508//691 507//691
f 525//691 507//691 526//691
f 528//820 527//820 538//820
f 528//821 538//821 529//821
f 521//822 535//822 539//822
f 521//823 539//823 536//823
f 536//824 537//824 523//824
f 536//825 523//825 522//825
f 537//826 494//826 524//826
f 494//827 537//827 495//827
f 526//828 507//828 527//828
f 527//829 506//829 538//829
f 538//830 506//830 529//830
f 539//831 537//831 536//831
f 539//832 535//832 534//832
f 539//833 534//833 540//833
f 507//834 506//834 527//834
f 529//835 506//835 505//835
f 529//836 504//836 530//836
f 539//837 540//837 496//837
f 539//838 496//838 495//838
f 537//839 539//839 495//839
f 540//840 534//840 497//840
f 540//841 497//841 496//841
f 534//842 533//842 541//842
f 534//843 541//843 498//843
f 534//844 498//844 497//844
f 505//845 504//845 529//845
f 530//846 502//846 531//846
f 530//847 504//847 503//847
f 530//848 503//848 502//848
f 533//849 532//849 499//849
f 533//850 499//850 498//850
f 533//851 498//851 541//851
f 531//852 502//852 501//852
f 531//853 501//853 542//853
f 531//854 542//854 532//854
f 532//855 543//855 499//855
f 542//856 501//856 543//856
f 542//857 543//857 532//857
f 543//858 500//858 499//858
f 501//859 500//859 543//859
f 544//282 545//282 546//282
f 546//283 545//283 547//283
f 546//860 547//860 548//860
f 546//861 548//861 549//861
f 545//862 550//862 551//862
f 545//863 544//863 552//863
f 545//864 552//864 553//864
f 545//865 553//865 554//865
f 545//866 554//866 550//866
f 545//867 551//867 555//867
f 547//868 545//868 555//868
f 547//869 555//869 548//869
f 548//870 555//870 556//870
f 549//871 557//871 558//871
f 549//872 558//872 546//872
f 550//873 559//873 551//873
f 550//874 554//874 560//874
f 550//875 560//875 559//875
f 552//876 544//876 561//876
f 552//877 561//877 553//877
f 553//691 562//691 563//691
f 553//691 563//691 564//691
f 553//691 564//691 560//691
f 553//691 560//691 554//691
f 548//878 556//878 549//878
f 549//879 556//879 565//879
f 549//880 565//880 557//880
f 558//881 557//881 566//881
f 558//882 566//882 567//882
f 558//883 568//883 546//883
f 551//884 559//884 569//884
f 560//885 570//885 571//885
f 560//886 571//886 559//886
f 561//887 544//887 568//887
f 561//888 568//888 572//888
f 561//889 572//889 553//889
f 553//890 573//890 562//890
f 553//891 572//891 573//891
f 555//892 574//892 556//892
f 557//893 565//893 575//893
f 557//894 575//894 576//894
f 558//895 567//895 577//895
f 577//896 572//896 568//896
f 577//897 568//897 558//897
f 577//898 567//898 572//898
f 567//899 578//899 579//899
f 567//900 566//900 580//900
f 568//901 544//901 546//901
f 559//902 581//902 569//902
f 569//903 574//903 551//903
f 551//904 574//904 555//904
f 570//905 560//905 564//905
f 573//906 582//906 562//906
f 573//907 572//907 582//907
f 572//908 583//908 582//908
f 575//909 556//909 574//909
f 556//910 575//910 565//910
f 576//911 584//911 580//911
f 576//912 575//912 584//912
f 557//913 576//913 580//913
f 572//914 567//914 579//914
f 572//915 579//915 583//915
f 557//916 580//916 566//916
f 567//917 580//917 578//917
f 570//918 585//918 571//918
f 571//919 581//919 559//919
f 570//920 586//920 584//920
f 584//921 585//921 570//921
f 582//922 583//922 587//922
f 582//923 588//923 562//923
f 583//924 579//924 587//924
f 584//925 575//925 589//925
f 584//926 589//926 585//926
f 580//927 584//927 586//927
f 580//928 586//928 578//928
f 569//929 581//929 574//929
f 564//930 590//930 570//930
f 570//931 590//931 591//931
f 570//932 591//932 586//932
f 582//933 587//933 588//933
f 575//934 592//934 589//934
f 586//935 591//935 578//935
f 579//936 593//936 587//936
f 578//937 591//937 593//937
f 579//938 578//938 593//938
f 591//939 594//939 593//939
f 587//940 593//940 588//940
f 563//941 562//941 594//941
f 574//942 581//942 592//942
f 574//943 592//943 575//943
f 589//944 592//944 585//944
f 585//945 592//945 571//945
f 571//946 592//946 581//946
f 564//947 563//947 590//947
f 590//948 595//948 591//948
f 591//949 595//949 594//949
f 594//950 588//950 593//950
f 588//951 594//951 562//951
f 594//952 595//952 563//952
f 590//953 563//953 595//953
f 596//954 597//954 598//954
f 596//3 598//3 599//3
f 596//3 599//3 600//3
f 596//955 600//955 601//955
f 596//955 601//955 597//955
f 597//282 601//282 602//282
f 597//282 602//282 603//282
f 597//282 603//282 604//282
f 597//282 604//282 605//282
f 597//282 605//282 606//282
f 597//282 606//282 607//282
f 597//282 607//282 608//282
f 597//282 608//282 609//282
f 597//282 609//282 610//282
f 597//282 610//282 611//282
f 597//282 611//282 612//282
f 597//282 612//282 613//282
f 597//282 613//282 614//282
f 597//282 614//282 615//282
f 597//956 615//956 616//956
f 597//957 616//957 598//957
f 598//958 616//958 617//958
f 598//958 617//958 599//958
f 600//959 599//959 601//959
f 601//960 618//960 602//960
f 615//691 614//691 619//691
f 615//691 619//691 620//691
f 615//691 620//691 621//691
f 615//961 621//961 616//961
f 616//962 621//962 620//962
f 616//962 620//962 622//962
f 616//194 622//194 623//194
f 616//194 623//194 624//194
f 616//194 624//194 625//194
f 616//194 625//194 626//194
f 616//194 626//194 627//194
f 616//194 627//194 628//194
f 616//194 628//194 629//194
f 616//194 629//194 630//194
f 616//194 630//194 631//194
f 616//194 631//194 632//194
f 616//194 632//194 633//194
f 616//194 633//194 617//194
f 599//963 617//963 601//963
f 601//964 617//964 633//964
f 601//965 633//965 632//965
f 601//966 632//966 618//966
f 614//967 613//967 619//967
f 622//968 620//968 619//968
f 622//969 619//969 634//969
f 622//969 634//969 623//969
f 632//970 635//970 618//970
f 618//971 635//971 602//971
f 602//972 636//972 603//972
f 619//967 613//967 634//967
f 623//973 634//973 624//973
f 632//974 631//974 637//974
f 632//975 637//975 635//975
f 635//976 636//976 602//976
f 634//977 638//977 624//977
f 624//978 639//978 640//978
f 624//979 638//979 639//979
f 637//980 636//980 635//980
f 636//981 637//981 603//981
f 603//982 637//982 631//982
f 603//983 631//983 630//983
f 603//984 630//984 641//984
f 603//985 641//985 604//985
f 613//986 612//986 634//986
f 634//987 612//987 638//987
f 638//988 612//988 639//988
f 641//989 642//989 604//989
f 641//990 630//990 642//990
f 612//991 611//991 639//991
f 639//992 611//992 640//992
f 640//993 611//993 610//993
f 640//994 610//994 643//994
f 643//995 644//995 626//995
f 643//995 626//995 625//995
f 643//996 625//996 640//996
f 640//997 625//997 624//997
f 630//998 629//998 642//998
f 604//999 642//999 605//999
f 610//1000 644//1000 643//1000
f 644//1001 645//1001 626//1001
f 642//1002 629//1002 605//1002
f 610//1003 609//1003 644//1003
f 644//1004 609//1004 645//1004
f 645//1005 609//1005 608//1005
f 645//1006 627//1006 626//1006
f 629//1007 646//1007 605//1007
f 605//1008 646//1008 606//1008
f 608//1009 647//1009 645//1009
f 645//1010 647//1010 627//1010
f 629//1011 628//1011 646//1011
f 646//1012 628//1012 606//1012
f 606//1013 647//1013 607//1013
f 607//1014 647//1014 608//1014
f 647//1015 606//1015 628//1015
f 627//1016 647//1016 628//1016
f 648//1017 649//1017 650//1017
f 648//1018 650//1018 651//1018
f 648//1019 651//1019 652//1019
f 648//1020 652//1020 653//1020
f 648//1021 653//1021 654//1021
f 648//1022 654//1022 655//1022
f 648//1023 655//1023 656//1023
f 648//1024 656//1024 657//1024
f 648//1024 657//1024 658//1024
f 648//282 658//282 659//282
f 648//282 659//282 660//282
f 648//282 660//282 661//282
f 648//282 661//282 662//282
f 648//282 662//282 663//282
f 648//282 663//282 664//282
f 648//1025 664//1025 665//1025
f 650//1026 666//1026 667//1026
f 650//1027 667//1027 651//1027
f 652//1028 651//1028 667//1028
f 652//1029 668//1029 653//1029
f 654//1030 653//1030 668//1030
f 655//1031 669//1031 656//1031
f 656//1032 669//1032 670//1032
f 656//280 670//280 671//280
f 656//280 671//280 672//280
f 656//280 672//280 657//280
f 658//1033 657//1033 673//1033
f 658//1034 673//1034 674//1034
f 658//1035 674//1035 675//1035
f 658//1036 675//1036 659//1036
f 648//1037 665//1037 676//1037
f 648//1038 676//1038 677//1038
f 648//1039 677//1039 649//1039
f 649//1040 677//1040 666//1040
f 649//1041 666//1041 650//1041
f 654//1042 668//1042 678//1042
f 654//1043 678//1043 655//1043
f 669//1044 655//1044 678//1044
f 669//1045 677//1045 670//1045
f 670//1046 677//1046 679//1046
f 670//1046 679//1046 671//1046
f 657//1047 672//1047 680//1047
f 657//1048 680//1048 681//1048
f 657//1049 681//1049 673//1049
f 673//1050 681//1050 682//1050
f 673//1051 682//1051 683//1051
f 673//1052 683//1052 684//1052
f 673//1053 684//1053 674//1053
f 674//1054 684//1054 675//1054
f 675//1055 684//1055 685//1055
f 675//1056 685//1056 659//1056
f 664//1057 686//1057 665//1057
f 676//194 686//194 687//194
f 676//194 687//194 688//194
f 676//194 688//194 689//194
f 676//194 689//194 690//194
f 676//194 690//194 691//194
f 676//194 691//194 692//194
f 676//194 692//194 693//194
f 676//194 693//194 694//194
f 676//194 694//194 682//194
f 676//194 682//194 681//194
f 676//194 681//194 680//194
f 676//194 680//194 695//194
f 676//194 695//194 679//194
f 676//194 679//194 677//194
f 677//1058 669//1058 678//1058
f 677//1059 678//1059 668//1059
f 677//1060 668//1060 696//1060
f 677//1061 696//1061 667//1061
f 677//1062 667//1062 666//1062
f 652//1063 667//1063 696//1063
f 652//1064 696//1064 668//1064
f 671//1065 679//1065 695//1065
f 671//1066 695//1066 680//1066
f 671//1067 680//1067 672//1067
f 682//1068 694//1068 683//1068
f 683//1069 697//1069 684//1069
f 683//1070 694//1070 697//1070
f 684//1071 697//1071 685//1071
f 685//1072 698//1072 661//1072
f 685//1073 661//1073 660//1073
f 685//1074 660//1074 659//1074
f 665//1075 686//1075 676//1075
f 693//1076 692//1076 685//1076
f 693//1077 685//1077 697//1077
f 693//1078 697//1078 694//1078
f 692//1079 691//1079 685//1079
f 685//1080 691//1080 698//1080
f 664//1081 663//1081 687//1081
f 664//1082 687//1082 686//1082
f 698//1083 690//1083 661//1083
f 661//1084 690//1084 662//1084
f 698//1083 691//1083 690//1083
f 662//1085 690//1085 689//1085
f 662//1086 689//1086 699//1086
f 663//1087 662//1087 699//1087
f 663//1088 699//1088 687//1088
f 687//1089 699//1089 688//1089
f 699//1090 689//1090 688//1090
f 700//1091 701//1091 702//1091
f 701//1092 703//1092 704//1092
f 702//1093 705//1093 706//1093
f 702//1094 706//1094 707//1094
f 702//1095 701//1095 705//1095
f 707//1096 706//1096 708//1096
f 707//1097 708//1097 709//1097
f 707//1098 709//1098 710//1098
f 707//1099 710//1099 702//1099
f 702//1100 710//1100 700//1100
f 700//1101 711//1101 701//1101
f 701//1102 704//1102 705//1102
f 708//1103 706//1103 712//1103
f 709//1104 713//1104 714//1104
f 709//1105 714//1105 715//1105
f 709//1106 715//1106 716//1106
f 709//1107 716//1107 710//1107
f 710//1108 716//1108 717//1108
f 710//1109 717//1109 718//1109
f 710//1110 718//1110 719//1110
f 701//1111 711//1111 703//1111
f 700//1112 720//1112 711//1112
f 703//1113 721//1113 704//1113
f 705//1114 704//1114 722//1114
f 705//1115 722//1115 706//1115
f 706//1116 723//1116 712//1116
f 708//1117 712//1117 724//1117
f 708//1118 725//1118 709//1118
f 709//1119 726//1119 713//1119
f 714//1120 727//1120 715//1120
f 719//1121 718//1121 728//1121
f 711//1122 729//1122 703//1122
f 704//1123 721//1123 730//1123
f 704//1124 730//1124 722//1124
f 706//1125 722//1125 723//1125
f 708//1126 724//1126 725//1126
f 718//1127 717//1127 731//1127
f 700//1128 710//1128 720//1128
f 714//1129 713//1129 727//1129
f 717//1130 732//1130 731//1130
f 731//1131 728//1131 718//1131
f 711//1132 720//1132 729//1132
f 703//1133 729//1133 733//1133
f 722//1134 730//1134 723//1134
f 723//1135 730//1135 734//1135
f 723//1136 735//1136 712//1136
f 724//1137 712//1137 735//1137
f 709//1138 725//1138 726//1138
f 715//1139 727//1139 732//1139
f 716//1140 715//1140 732//1140
f 719//1141 728//1141 710//1141
f 710//1142 728//1142 736//1142
f 717//1143 716//1143 732//1143
f 729//1144 737//1144 733//1144
f 720//1145 710//1145 736//1145
f 730//1146 738//1146 734//1146
f 723//1147 734//1147 739//1147
f 724//1148 735//1148 740//1148
f 724//1149 740//1149 725//1149
f 726//1150 727//1150 713//1150
f 720//1151 737//1151 729//1151
f 738//1152 730//1152 721//1152
f 734//1153 738//1153 741//1153
f 723//1154 742//1154 735//1154
f 742//1155 743//1155 735//1155
f 735//1156 743//1156 740//1156
f 725//1157 740//1157 726//1157
f 727//1158 744//1158 732//1158
f 732//1159 745//1159 731//1159
f 728//1160 746//1160 736//1160
f 703//1161 733//1161 721//1161
f 721//1162 733//1162 738//1162
f 734//1163 741//1163 739//1163
f 732//1164 744//1164 745//1164
f 745//1165 728//1165 731//1165
f 723//1166 739//1166 742//1166
f 743//1167 747//1167 740//1167
f 726//1168 740//1168 748//1168
f 726//1169 748//1169 727//1169
f 748//1170 744//1170 727//1170
f 745//1171 746//1171 728//1171
f 720//1172 736//1172 737//1172
f 739//1173 741//1173 742//1173
f 743//1174 742//1174 747//1174
f 746//1175 737//1175 736//1175
f 740//1176 747//1176 748//1176
f 744//1177 748//1177 747//1177
f 744//1178 749//1178 745//1178
f 746//1179 750//1179 737//1179
f 746//1180 745//1180 751//1180
f 746//1181 751//1181 750//1181
f 733//1182 737//1182 738//1182
f 747//1183 742//1183 749//1183
f 749//1184 744//1184 747//1184
f 741//1185 749//1185 742//1185
f 737//1186 750//1186 751//1186
f 751//1187 738//1187 737//1187
f 745//1188 749//1188 751//1188
f 741//1189 751//1189 749//1189
f 738//1190 751//1190 741//1190
f 752//225 753//225 754//225
f 752//225 754//225 755//225
f 752//225 755//225 756//225
f 752//225 756//225 757//225
f 752//1191 758//1191 759//1191
f 759//1192 753//1192 752//1192
f 759//1193 758//1193 760//1193
f 759//1194 760//1194 761//1194
f 753//1195 762//1195 763//1195
f 753//1196 763//1196 764//1196
f 753//1197 764//1197 765//1197
f 753//1198 765//1198 766//1198
f 753//1199 766//1199 754//1199
f 753//1200 759//1200 761//1200
f 753//1201 761//1201 762//1201
f 752//1202 767//1202 758//1202
f 758//1203 767//1203 768//1203
f 767//1204 752//1204 757//1204
f 763//1205 762//1205 769//1205
f 763//1206 769//1206 770//1206
f 754//1207 766//1207 771//1207
f 754//1208 771//1208 772//1208
f 754//1209 772//1209 773//1209
f 754//1210 773//1210 774//1210
f 754//1211 774//1211 775//1211
f 754//1212 775//1212 755//1212
f 758//1213 768//1213 760//1213
f 768//1214 776//1214 777//1214
f 768//1215 777//1215 760//1215
f 767//1216 757//1216 756//1216
f 767//1216 756//1216 778//1216
f 767//1217 779//1217 780//1217
f 767//1218 780//1218 768//1218
f 768//1219 780//1219 776//1219
f 777//1220 776//1220 781//1220
f 777//1221 781//1221 782//1221
f 777//1222 782//1222 760//1222
f 760//1223 782//1223 761//1223
f 762//1224 761//1224 769//1224
f 770//1225 783//1225 771//1225
f 770//1226 771//1226 763//1226
f 770//1227 769//1227 782//1227
f 770//1228 782//1228 784//1228
f 770//1229 784//1229 785//1229
f 770//1230 785//1230 783//1230
f 763//1231 771//1231 764//1231
f 764//1231 771//1231 786//1231
f 764//1232 786//1232 787//1232
f 764//1233 787//1233 765//1233
f 765//1234 787//1234 766//1234
f 766//1235 786//1235 771//1235
f 771//1236 783//1236 772//1236
f 775//1237 788//1237 755//1237
f 779//1238 767//1238 789//1238
f 779//1239 789//1239 790//1239
f 756//1240 755//1240 778//1240
f 781//1241 791//1241 782//1241
f 782//1242 791//1242 784//1242
f 782//1243 769//1243 761//1243
f 786//1244 766//1244 787//1244
f 773//1245 772//1245 785//1245
f 773//1246 785//1246 774//1246
f 774//1247 785//1247 792//1247
f 775//1248 774//1248 788//1248
f 776//1249 780//1249 793//1249
f 776//1250 793//1250 781//1250
f 767//1251 778//1251 794//1251
f 767//1252 794//1252 790//1252
f 767//1253 790//1253 789//1253
f 778//1254 755//1254 788//1254
f 778//1255 788//1255 795//1255
f 778//1256 795//1256 796//1256
f 778//1257 796//1257 797//1257
f 780//1258 779//1258 790//1258
f 780//1259 790//1259 794//1259
f 780//1260 794//1260 793//1260
f 781//1261 793//1261 798//1261
f 781//1262 798//1262 791//1262
f 791//1263 799//1263 784//1263
f 783//1264 785//1264 772//1264
f 774//1265 792//1265 788//1265
f 778//1266 800//1266 801//1266
f 778//1267 801//1267 794//1267
f 794//1268 802//1268 798//1268
f 794//1269 798//1269 793//1269
f 795//1270 799//1270 802//1270
f 795//1271 788//1271 792//1271
f 795//1272 792//1272 799//1272
f 795//1273 802//1273 803//1273
f 795//1274 803//1274 796//1274
f 796//1275 803//1275 797//1275
f 797//1276 800//1276 778//1276
f 798//1277 799//1277 791//1277
f 799//1278 792//1278 784//1278
f 784//1279 792//1279 785//1279
f 800//1280 797//1280 801//1280
f 801//1281 797//1281 803//1281
f 801//1282 803//1282 794//1282
f 794//1283 803//1283 802//1283
f 798//1284 802//1284 799//1284
