# Blender v3.0.1 OBJ File: ''
# www.blender.org
mtllib armr5.mtl
o left_j5
v -0.021265 0.047466 0.093615
v -0.021244 0.047563 0.045115
v -0.021410 0.042203 0.045115
v -0.021406 0.043023 0.095001
v -0.016243 0.054275 0.045115
v -0.015239 0.054721 0.045115
v 0.004534 0.054971 0.045115
v 0.015257 0.054719 0.045115
v 0.016462 0.054116 0.045115
v 0.021264 0.047563 0.045115
v 0.021428 0.042203 0.045115
v 0.020206 0.041026 0.045115
v -0.020193 0.041026 0.045115
v -0.020552 0.042340 0.098092
v -0.020437 0.042778 0.101065
v 0.000005 0.042240 0.115609
v -0.016902 0.042240 0.106540
v -0.016154 0.042542 0.109101
v -0.020650 0.047617 0.100494
v -0.005566 0.042667 0.115715
v -0.010807 0.042546 0.113608
v 0.001697 0.042890 0.116366
v -0.016469 0.054134 0.093336
v 0.020562 0.042342 0.098091
v 0.013616 0.042240 0.109536
v 0.009154 0.042564 0.114423
v -0.017224 0.047468 0.107543
v 0.021407 0.043023 0.094994
v 0.020443 0.042780 0.101051
v 0.018233 0.042527 0.106260
v 0.013689 0.042552 0.111554
v -0.001915 0.047606 0.116232
v 0.021386 0.047150 0.095393
v -0.010794 0.047639 0.113580
v -0.014550 0.051282 0.106907
v 0.019849 0.047648 0.102943
v 0.016244 0.047278 0.108960
v 0.005743 0.047653 0.115642
v 0.000410 0.051503 0.114231
v -0.015143 0.054408 0.100753
v 0.019498 0.050304 0.091758
v 0.016410 0.054050 0.096012
v 0.010795 0.047639 0.113580
v 0.006703 0.050823 0.113295
v -0.006617 0.052913 0.111497
v -0.004926 0.054977 0.110207
v -0.012497 0.054278 0.105525
v 0.015584 0.053525 0.101804
v 0.012315 0.054244 0.106112
v 0.009671 0.052748 0.110075
v 0.004927 0.054977 0.110207
v 0.015050 0.054704 0.097249
v -0.026166 -0.038426 0.092230
v -0.026392 -0.048144 0.094991
v -0.026086 -0.038649 0.099113
v -0.025144 -0.037571 0.099113
v -0.025783 -0.047995 0.089351
v -0.014086 -0.045500 0.038702
v -0.025150 -0.048942 0.090464
v -0.025716 -0.048482 0.100352
v -0.023447 -0.038441 0.107055
v -0.014640 -0.033383 0.038702
v -0.014558 -0.044266 0.038702
v 0.014798 -0.033383 0.038702
v 0.014628 -0.043597 0.038702
v 0.014089 -0.045500 0.038702
v 0.000418 -0.048950 0.069434
v -0.021024 -0.048945 0.080986
v -0.023496 -0.037581 0.104678
v -0.002050 -0.028469 0.046339
v -0.002914 -0.028386 0.042128
v 0.024131 -0.048932 0.088215
v 0.011965 -0.048948 0.073159
v 0.025723 -0.048038 0.089092
v 0.016092 -0.048944 0.114791
v -0.020613 -0.048916 0.110056
v -0.022721 -0.048109 0.108325
v -0.017720 -0.037581 0.112930
v 0.001236 -0.028461 0.047165
v 0.002855 -0.028376 0.042128
v 0.025163 -0.037575 0.099113
v 0.026177 -0.038430 0.092424
v -0.019442 -0.038350 0.112637
v -0.006174 -0.037571 0.119739
v 0.000007 -0.037595 0.120565
v 0.026204 -0.048011 0.097217
v 0.020723 -0.037574 0.109319
v 0.011960 -0.037560 0.117261
v -0.017734 -0.048032 0.114374
v -0.012829 -0.038311 0.117937
v -0.006588 -0.038649 0.120565
v 0.004123 -0.038649 0.120998
v 0.016422 -0.038495 0.115534
v 0.021474 -0.038181 0.110296
v 0.025650 -0.038649 0.100845
v -0.009753 -0.048378 0.119439
v -0.004995 -0.048039 0.120877
v 0.003299 -0.047858 0.121177
v 0.010712 -0.038649 0.119125
v 0.020287 -0.048574 0.111380
v 0.023109 -0.048161 0.107794
v 0.001966 -0.048711 0.120868
v 0.008545 -0.048403 0.119858
v 0.014855 -0.048139 0.116864
v -0.041216 0.030747 -0.003480
v -0.040446 0.047595 0.009001
v -0.041240 0.047542 -0.003297
v 0.013083 0.030747 -0.039825
v 0.039775 0.030750 0.010698
v -0.040705 0.030747 0.007554
v -0.034756 0.053346 0.007439
v -0.035046 0.053336 -0.008116
v -0.032216 0.030747 -0.025839
v -0.021613 0.030747 -0.035304
v -0.013081 0.030747 -0.039663
v 0.025578 0.030744 -0.032499
v 0.032502 0.030744 -0.025548
v 0.038186 0.030744 -0.015774
v 0.041078 0.030744 -0.004414
v -0.038897 0.030747 -0.014177
v 0.014421 0.030754 0.038638
v -0.026411 0.030747 0.032005
v -0.035388 0.030747 0.020754
v -0.031334 0.047489 -0.026848
v -0.021951 0.047640 -0.034947
v -0.003605 0.038895 -0.041602
v 0.033213 0.030756 0.024632
v 0.025545 0.030756 0.032686
v -0.014411 0.030756 0.038638
v -0.020709 0.041413 0.045091
v -0.036319 0.047587 0.019584
v -0.015230 0.054721 0.045091
v -0.037105 0.047561 -0.018396
v -0.003516 0.047475 -0.041007
v 0.012328 0.047562 -0.039277
v 0.036321 0.047587 0.019584
v 0.021236 0.041804 0.045091
v 0.021248 0.047555 0.045091
v 0.015248 0.054718 0.045091
v -0.001898 0.054984 0.045091
v -0.021392 0.047143 0.045091
v 0.019894 0.047636 -0.036186
v 0.039613 0.047578 0.012194
v -0.026429 0.053778 -0.024654
v 0.041259 0.047573 0.000075
v -0.003344 0.054984 -0.035739
v 0.033040 0.053370 0.013687
v -0.016900 0.054328 -0.031839
v 0.004347 0.053748 -0.036762
v 0.035480 0.053341 -0.001394
v 0.016351 0.054294 -0.032188
v 0.032980 0.047554 -0.024994
v 0.025594 0.054167 -0.025045
v 0.033836 0.053348 -0.012709
v 0.040456 0.047602 -0.008741
v 0.037123 0.047564 -0.018396
v -0.038679 -0.051259 0.014456
v -0.038444 -0.033384 0.015278
v -0.038679 -0.033384 -0.014834
v -0.038679 -0.051259 -0.014802
v -0.038209 -0.053478 -0.015951
v -0.027464 -0.033384 -0.031029
v -0.032217 -0.033382 0.025837
v -0.035179 -0.053478 -0.021704
v -0.030743 -0.053478 -0.027760
v -0.026571 -0.053478 -0.031774
v -0.020320 -0.053478 -0.036001
v -0.007394 -0.053478 -0.040754
v 0.007394 -0.053478 -0.040746
v 0.017991 -0.053478 -0.037318
v 0.022277 -0.053478 -0.034914
v 0.029747 -0.053478 -0.028806
v 0.033499 -0.053478 -0.024352
v 0.038239 -0.053478 -0.015822
v 0.000623 -0.053453 0.038166
v -0.027268 -0.053140 0.031105
v -0.034817 -0.033384 -0.022434
v 0.038656 -0.033380 0.014464
v 0.038656 -0.033380 -0.014761
v 0.035604 -0.033380 -0.021111
v 0.027441 -0.033392 -0.031013
v -0.035269 -0.052920 0.021202
v -0.026968 -0.033382 0.031424
v -0.021321 -0.033382 0.035410
v -0.014637 -0.033384 0.038696
v 0.038663 -0.051259 -0.014802
v 0.038663 -0.051259 0.014456
v -0.016538 -0.053118 0.037685
v -0.019771 -0.045316 -0.036314
v 0.000833 -0.045316 -0.041345
v -0.009473 -0.045316 -0.040236
v -0.030599 -0.051847 0.027875
v -0.021626 -0.051847 0.035305
v 0.014788 -0.033384 0.038696
v 0.037929 -0.053081 0.016196
v -0.009094 -0.053091 0.040129
v -0.003481 -0.045505 0.040985
v 0.006289 -0.045505 0.040710
v 0.011290 -0.052936 0.039540
v 0.024102 -0.033384 0.033686
v 0.029372 -0.033384 0.029085
v 0.035854 -0.033384 0.020761
v -0.000098 -0.053016 0.041046
v 0.018511 -0.051552 0.036820
v 0.024026 -0.053165 0.033614
v 0.032373 -0.050077 0.025607
v 0.035491 -0.052930 0.020814
v 0.015348 -0.045316 -0.038367
v 0.027355 -0.021022 0.016906
v 0.037574 -0.016952 0.017467
v 0.027355 -0.033379 0.016906
v -0.037682 -0.033379 0.016906
v -0.037741 -0.021022 0.016906
v -0.037690 -0.019413 0.017106
v 0.027363 -0.016948 0.017467
v 0.036284 -0.012278 0.019942
v 0.036780 -0.028336 0.019046
v 0.037353 -0.033379 0.017467
v 0.004698 -0.033397 0.042120
v -0.004703 -0.033406 0.042120
v -0.036237 -0.012283 0.019945
v -0.037252 -0.021091 0.018143
v 0.014445 -0.012278 0.038647
v 0.015057 -0.012278 0.038563
v 0.018906 -0.012278 0.036811
v 0.023079 -0.012278 0.034372
v 0.024546 -0.012278 0.033402
v 0.028159 -0.012278 0.030346
v 0.031287 -0.012278 0.027103
v 0.033543 -0.012278 0.024178
v 0.035554 -0.033379 0.021258
v 0.033173 -0.033379 0.024709
v -0.036421 -0.032045 0.019755
v 0.030994 -0.033379 0.027426
v 0.027628 -0.033379 0.030786
v 0.024104 -0.033377 0.033693
v 0.019547 -0.033377 0.036434
v 0.012779 -0.033377 0.039886
v -0.020024 -0.033377 0.036189
v -0.023054 -0.033377 0.034360
v -0.027559 -0.033379 0.030919
v -0.030401 -0.033379 0.028104
v -0.034313 -0.033379 0.023134
v -0.034593 -0.012283 0.022764
v -0.030634 -0.012283 0.027883
v -0.027732 -0.012283 0.030767
v -0.026409 -0.012283 0.031909
v -0.023076 -0.012283 0.034362
v -0.020488 -0.012283 0.035957
v -0.017753 -0.012283 0.037403
v -0.015047 -0.012283 0.038561
v -0.014428 -0.012283 0.038635
v -0.012761 -0.033377 0.039889
v -0.032160 -0.021326 0.026125
v -0.018936 -0.032047 0.036800
v -0.003825 -0.029168 0.042123
v -0.002911 -0.028382 0.042123
v 0.000009 -0.022976 0.041238
v 0.002847 -0.028372 0.042123
v 0.003828 -0.029168 0.042123
v 0.029261 0.000158 -0.030415
v 0.028151 -0.012278 -0.030415
v -0.028155 -0.012274 -0.030415
v -0.029266 0.000137 -0.030415
v -0.028042 0.030736 -0.030415
v 0.028078 0.030744 -0.030415
v 0.032945 0.030744 -0.024996
v 0.034709 -0.012278 -0.022606
v 0.014451 0.030744 0.038659
v 0.019031 0.030744 0.036813
v 0.027573 0.030744 0.030894
v 0.031489 0.030744 0.026918
v 0.034774 0.030744 0.022520
v 0.039390 0.030744 0.012804
v 0.040724 0.030744 0.007557
v 0.041390 0.030744 -0.000712
v 0.040691 0.030744 -0.007690
v 0.036881 0.030744 -0.018802
v 0.039175 -0.012278 -0.013383
v 0.039167 -0.012278 0.015170
v 0.035536 -0.012278 0.021303
v 0.029466 -0.012278 0.029003
v 0.024544 -0.012278 0.033392
v 0.018910 -0.012278 0.036806
v 0.014427 -0.012278 0.038639
v -0.014731 -0.012278 0.038591
v -0.023081 -0.012278 0.034359
v -0.027079 -0.012278 0.031328
v -0.031381 -0.012278 0.026992
v -0.034267 -0.012278 0.023216
v -0.033984 0.030736 -0.023620
v -0.036245 0.030736 -0.020002
v -0.038730 0.030736 -0.014620
v -0.040598 0.030736 -0.007964
v -0.041275 0.030736 -0.002477
v -0.041210 0.030736 0.003608
v -0.034320 -0.012274 -0.023082
v -0.037814 -0.012274 -0.016798
v -0.039471 -0.012274 -0.012518
v -0.040379 -0.006496 -0.009211
v -0.041247 -0.006496 -0.003687
v -0.041356 -0.006496 0.002190
v -0.040635 0.030736 0.007939
v -0.038463 0.030736 0.015148
v -0.034592 0.030736 0.022749
v -0.031248 0.030736 0.027171
v -0.026420 0.030736 0.032013
v -0.018922 0.030736 0.036867
v -0.014431 0.030736 0.038652
v -0.039463 -0.012274 0.015366
v 0.041352 -0.006505 -0.002082
v 0.040817 -0.006505 0.007131
v -0.002049 -0.060097 -0.041397
v 0.000007 -0.053478 -0.041365
v 0.002883 -0.053478 -0.041329
v 0.002483 -0.060921 -0.041285
v -0.001637 -0.061649 -0.040973
v -0.006721 -0.061358 -0.040716
v -0.011079 -0.059884 -0.039917
v -0.011079 -0.059884 -0.037860
v 0.000007 -0.053478 -0.038473
v 0.012943 -0.053479 -0.039342
v 0.007599 -0.053478 -0.040727
v -0.010706 -0.061330 -0.039871
v -0.011079 -0.066693 -0.034027
v -0.011079 -0.066693 -0.030765
v 0.038255 -0.053479 -0.004972
v 0.006848 -0.060243 -0.040814
v 0.005028 -0.061470 -0.040814
v -0.002670 -0.064961 -0.037716
v 0.038255 -0.053479 -0.015850
v 0.026831 -0.066681 -0.013900
v 0.038250 -0.059882 -0.009222
v 0.039050 -0.059884 -0.013900
v 0.001658 -0.063787 -0.039026
v -0.006976 -0.066693 -0.035214
v 0.004546 -0.066683 -0.035660
v 0.031100 -0.066681 -0.013900
v 0.035531 -0.053479 -0.021204
v 0.031888 -0.053479 -0.026402
v 0.027672 -0.053489 -0.030806
v 0.022286 -0.053481 -0.034933
v 0.017988 -0.053481 -0.037332
v 0.038824 -0.061374 -0.013900
v 0.026891 -0.066682 -0.021928
v 0.033009 -0.060571 -0.025042
v 0.029347 -0.060147 -0.029156
v 0.021665 -0.060218 -0.035250
v 0.013026 -0.060071 -0.039331
v 0.036763 -0.061381 -0.018543
v 0.007545 -0.063834 -0.038249
v 0.013210 -0.066681 -0.033166
v 0.018111 -0.066682 -0.030462
v 0.022723 -0.066683 -0.026821
v 0.036047 -0.060097 -0.020402
v 0.034687 -0.063013 -0.018503
v 0.010744 -0.061339 -0.039875
v 0.027502 -0.064473 -0.025827
v 0.032184 -0.061343 -0.025866
v 0.014476 -0.061332 -0.038639
v 0.010803 -0.063830 -0.037422
v 0.026746 -0.061356 -0.031350
v 0.021906 -0.061359 -0.034944
v 0.015583 -0.063772 -0.035703
v 0.038256 -0.051262 -0.015819
v 0.038256 -0.059881 -0.015916
v 0.027685 -0.066373 -0.013874
v 0.025126 -0.066740 0.041313
v 0.025126 -0.065573 0.106969
v 0.038256 -0.051262 0.015914
v 0.038745 -0.051262 0.025240
v 0.040564 -0.051262 0.024863
v 0.041441 -0.051262 0.000972
v 0.041275 -0.051262 -0.003579
v 0.040780 -0.051262 -0.007272
v 0.039868 -0.051262 -0.011296
v 0.038826 -0.061376 -0.013886
v 0.035130 -0.064075 -0.013886
v 0.031620 -0.066373 -0.013886
v 0.025126 -0.068791 0.041301
v 0.025126 -0.067850 0.097519
v 0.025126 -0.067275 0.107966
v 0.025126 -0.066286 0.108130
v 0.038668 -0.052952 0.077655
v 0.033440 -0.066373 -0.006864
v 0.033955 -0.066371 0.000972
v 0.025559 -0.065448 0.107784
v 0.038743 -0.053054 0.079041
v 0.039191 -0.052657 0.076014
v 0.040242 -0.060098 -0.009916
v 0.040444 -0.061346 -0.008214
v 0.035481 -0.064638 -0.010178
v 0.032005 -0.062917 0.107857
v 0.033736 -0.062122 0.107018
v 0.036408 -0.061261 0.105389
v 0.040436 -0.053078 0.078154
v 0.039813 -0.053028 0.079126
v 0.040928 -0.060044 -0.006454
v 0.041261 -0.061346 -0.000889
v 0.037658 -0.063891 -0.002998
v 0.037708 -0.063927 0.000765
v 0.039908 -0.061506 0.094993
v 0.038208 -0.062275 0.101595
v 0.025171 -0.068494 0.069412
v 0.030945 -0.064221 0.108294
v 0.038050 -0.060453 0.102957
v 0.034719 -0.062104 0.107006
v 0.040337 -0.061033 0.092513
v 0.039654 -0.061403 0.099698
v 0.025613 -0.067945 0.089108
v 0.033792 -0.064122 0.106544
v 0.039651 -0.060377 0.099698
v 0.040429 -0.060482 0.094616
v 0.037954 -0.062162 0.103650
v 0.041452 -0.060098 0.000558
v 0.033200 -0.063967 0.107893
v -0.002060 -0.059882 -0.041396
v -0.002482 -0.053479 -0.041348
v -0.000004 -0.053479 -0.041368
v -0.011086 -0.063787 -0.037373
v -0.011086 -0.061060 -0.039821
v -0.006597 -0.059882 -0.040877
v -0.012930 -0.053479 -0.039347
v -0.000004 -0.053479 -0.038473
v -0.000004 -0.059882 -0.039445
v -0.000004 -0.059882 -0.041354
v -0.007627 -0.053479 -0.040686
v -0.018180 -0.053478 -0.037218
v -0.022278 -0.053478 -0.034932
v -0.026593 -0.053481 -0.031769
v -0.038217 -0.053479 -0.004889
v -0.026788 -0.066693 -0.013912
v -0.015576 -0.063773 -0.035704
v -0.014470 -0.061339 -0.038641
v -0.011086 -0.066693 -0.030765
v -0.011086 -0.066693 -0.034021
v -0.016280 -0.060017 -0.038077
v -0.031067 -0.066693 -0.013912
v -0.027861 -0.066693 -0.020480
v -0.026016 -0.066693 -0.023132
v -0.018897 -0.066693 -0.029961
v -0.038217 -0.053479 -0.015963
v -0.039039 -0.059891 -0.013912
v -0.038936 -0.060987 -0.013912
v -0.038217 -0.059883 -0.009424
v -0.019424 -0.061355 -0.036382
v -0.021198 -0.060327 -0.035571
v -0.037967 -0.061351 -0.016019
v -0.038366 -0.061721 -0.013912
v -0.018304 -0.063882 -0.034185
v -0.036570 -0.053480 -0.019408
v -0.030874 -0.053481 -0.027623
v -0.033727 -0.053481 -0.024068
v -0.023138 -0.061367 -0.034131
v -0.025649 -0.059990 -0.032516
v -0.028683 -0.060098 -0.029897
v -0.031522 -0.060098 -0.026895
v -0.033001 -0.060343 -0.025046
v -0.036047 -0.060098 -0.020352
v -0.027699 -0.061392 -0.030458
v -0.032168 -0.061342 -0.025859
v -0.035504 -0.061372 -0.020981
v -0.032353 -0.064422 -0.018924
v -0.024556 -0.063383 -0.030467
v -0.028554 -0.063400 -0.026571
v -0.031843 -0.063053 -0.023096
v -0.022159 -0.066690 -0.027280
v -0.024325 -0.065454 -0.027490
v -0.005416 0.044104 0.081795
v 0.005497 0.044120 0.082484
v -0.005366 0.044108 0.081795
v -0.005416 0.044108 0.081739
v -0.005416 0.044108 0.055378
v -0.005416 0.042621 0.055378
v -0.005416 0.042621 0.078504
v -0.005416 0.042623 0.079330
v -0.005416 0.043081 0.080184
v 0.005367 0.044120 0.082463
v 0.005497 0.042649 0.079457
v 0.005497 0.042623 0.079327
v 0.005497 0.042621 0.078632
v 0.005497 0.042621 0.055383
v 0.005497 0.042861 0.055378
v 0.005497 0.044120 0.055378
v -0.000107 0.044120 0.055378
v -0.000107 0.044120 0.081500
v -0.005355 0.042623 0.079330
v 0.005367 0.042621 0.055378
v -0.000107 0.042621 0.055378
v -0.003705 0.042621 0.078504
v -0.000107 0.042621 0.077679
v -0.039976 -0.051260 0.025871
v -0.040483 -0.051260 0.025416
v -0.040632 -0.051260 0.024057
v -0.041235 -0.051260 0.009769
v -0.041358 -0.051260 0.005907
v -0.041426 -0.051260 0.001380
v -0.041428 -0.051260 -0.000270
v -0.041353 -0.051260 -0.002540
v -0.041229 -0.051260 -0.004177
v -0.041043 -0.051260 -0.005634
v -0.040777 -0.051260 -0.007285
v -0.040398 -0.051260 -0.009258
v -0.040171 -0.051260 -0.010175
v -0.039590 -0.051260 -0.012230
v -0.039184 -0.051260 -0.013474
v -0.038679 -0.051260 -0.014839
v -0.038679 -0.051260 0.014481
v -0.038718 -0.051260 0.024842
v -0.038733 -0.051260 0.025233
v -0.039197 -0.051260 0.025759
v -0.040005 -0.014730 0.016570
v -0.040543 -0.014064 0.016303
v -0.040640 -0.014730 0.016403
v -0.039483 -0.014094 0.016287
v -0.040005 -0.012281 0.015590
v -0.040583 -0.012417 0.015538
v -0.040931 -0.014730 0.015805
v -0.038810 -0.012285 0.015151
v -0.039477 -0.010962 0.014828
v -0.039477 -0.006507 0.012516
v -0.040657 -0.011039 0.014463
v -0.040968 -0.011431 0.014154
v -0.040971 -0.015558 0.015805
v -0.038679 -0.033374 0.014481
v -0.038679 -0.033374 -0.014855
v -0.038810 -0.012285 -0.014540
v -0.039477 -0.006507 -0.012527
v -0.039655 -0.006507 -0.012009
v -0.040396 -0.006507 -0.009222
v -0.040737 -0.006507 -0.007285
v -0.041279 -0.006507 -0.003418
v -0.041335 -0.006507 -0.002333
v -0.041382 -0.006507 0.001785
v -0.040740 -0.006507 0.007553
v -0.040986 -0.010191 0.012917
v -0.041053 -0.012255 0.014154
v -0.039044 -0.012285 -0.013886
v -0.041241 -0.008544 0.009622
v -0.041325 -0.008956 0.006728
v -0.041377 -0.008956 0.000142
v -0.041126 -0.008956 -0.004809
v -0.041223 -0.019681 -0.004207
v -0.038732 -0.051261 0.025247
v -0.038221 -0.051262 -0.015941
v -0.040556 -0.051261 0.024748
v -0.040155 -0.051262 -0.010194
v -0.041096 -0.051262 -0.004905
v -0.041421 -0.051262 0.001794
v -0.027714 -0.066359 -0.013898
v -0.038221 -0.059882 -0.015978
v -0.038221 -0.051262 0.015990
v -0.025134 -0.065585 0.106741
v -0.025134 -0.066729 0.041316
v -0.039906 -0.059990 -0.011010
v -0.041254 -0.060629 -0.003728
v -0.040415 -0.060475 0.094631
v -0.040423 -0.053077 0.078161
v -0.031633 -0.066359 -0.013898
v -0.025134 -0.068784 0.041316
v -0.038657 -0.052950 0.077662
v -0.025134 -0.066693 0.108243
v -0.025134 -0.067477 0.107355
v -0.025134 -0.068510 0.068624
v -0.041435 -0.060098 0.000967
v -0.039636 -0.060019 0.098919
v -0.038035 -0.060455 0.102964
v -0.039179 -0.052655 0.076020
v -0.038605 -0.061563 -0.013806
v -0.033931 -0.066359 0.001794
v -0.033756 -0.066359 -0.004628
v -0.038726 -0.053048 0.079073
v -0.025553 -0.065449 0.107781
v -0.040408 -0.061322 -0.008484
v -0.041242 -0.061338 -0.001977
v -0.040317 -0.060983 0.094157
v -0.039816 -0.053020 0.079158
v -0.037944 -0.062165 0.103657
v -0.036397 -0.061262 0.105397
v -0.039641 -0.061405 0.099692
v -0.036491 -0.063807 -0.010744
v -0.031991 -0.062916 0.107854
v -0.033723 -0.062125 0.107014
v -0.039894 -0.061506 0.094984
v -0.036485 -0.064763 0.000152
v -0.038194 -0.062274 0.101589
v -0.032905 -0.063117 0.107969
v -0.031344 -0.064221 0.108243
v -0.038914 -0.063094 0.000560
v -0.025601 -0.067945 0.089091
v -0.035143 -0.063555 0.105707
v -0.038819 -0.063027 -0.003984
v -0.033178 -0.063954 0.107866
v -0.028993 -0.065917 0.107823
v -0.026206 -0.067187 0.106497
v 0.026810 -0.015684 -0.031974
v 0.027062 -0.012278 -0.031964
v 0.026790 -0.021022 -0.031974
v -0.026786 -0.021022 -0.031974
v -0.026799 -0.015684 -0.031974
v -0.027051 -0.012278 -0.031964
v -0.030387 -0.012278 -0.028178
v -0.033840 -0.012278 -0.023824
v -0.035151 -0.012278 -0.021822
v -0.036476 -0.012278 -0.019571
v -0.036891 -0.012278 -0.018834
v -0.037092 -0.012278 -0.018427
v -0.038679 -0.012278 -0.014855
v -0.038795 -0.012278 -0.014540
v -0.038802 -0.012278 0.010841
v -0.038789 -0.012278 0.015145
v -0.037143 -0.012278 0.018321
v -0.036249 -0.012278 0.019932
v 0.027367 -0.012278 0.019932
v 0.027367 -0.012278 -0.031354
v 0.027360 -0.033378 -0.031054
v -0.027433 -0.033378 -0.031054
v -0.030387 -0.025855 -0.028178
v 0.027367 -0.019411 0.019937
v 0.027367 -0.031618 0.014871
v 0.027367 -0.031618 -0.031054
v 0.027360 -0.033378 0.016893
v -0.037681 -0.033378 0.016893
v -0.038096 -0.033378 0.016360
v -0.038802 -0.033378 0.014469
v -0.038802 -0.033378 -0.014525
v -0.037564 -0.033378 -0.017421
v -0.036904 -0.033378 -0.018824
v -0.035932 -0.033378 -0.020587
v -0.034682 -0.033378 -0.022614
v -0.033678 -0.033378 -0.024012
v -0.030368 -0.033378 -0.028173
v -0.029545 -0.033378 -0.029001
v -0.036275 -0.019411 0.019937
v -0.030779 -0.030441 -0.027703
v -0.032654 -0.019561 -0.025353
v -0.033198 -0.031618 -0.024659
v -0.037182 -0.019411 0.018260
v -0.038134 -0.015684 0.016441
v -0.038802 -0.016615 0.015125
v -0.034695 -0.021022 -0.022619
v -0.035362 -0.021325 -0.021542
v -0.038808 -0.031618 0.014474
v -0.038808 -0.031618 -0.014525
v -0.038672 -0.023438 -0.014888
v -0.036483 -0.030441 -0.019621
v -0.037496 -0.024624 -0.017589
v 0.039457 -0.006508 -0.012561
v 0.038399 -0.012282 -0.015531
v 0.037325 -0.012282 -0.017990
v 0.036261 -0.012282 -0.019985
v 0.034722 -0.012282 -0.022618
v 0.033023 -0.012282 -0.025010
v 0.031920 -0.012282 -0.026416
v 0.030401 -0.012282 -0.028147
v 0.027368 -0.012282 -0.031357
v 0.027368 -0.012282 0.019938
v 0.039457 -0.006508 0.012431
v 0.040001 -0.006508 0.010845
v 0.040854 -0.006508 0.006946
v 0.041417 -0.006508 0.000951
v 0.041381 -0.006508 -0.001917
v 0.040740 -0.006508 -0.007278
v 0.040349 -0.006508 -0.009228
v 0.039663 -0.014316 -0.011996
v 0.037132 -0.027101 -0.018422
v 0.036418 -0.033374 -0.019772
v 0.033408 -0.033374 -0.024496
v 0.030360 -0.033374 -0.028142
v 0.027368 -0.033374 -0.031133
v 0.027368 -0.033374 0.017456
v 0.027368 -0.016951 0.019938
v 0.036300 -0.012282 0.019938
v 0.040521 -0.010950 0.014615
v 0.040995 -0.010192 0.012904
v 0.039500 -0.051261 -0.012533
v 0.038678 -0.051261 -0.014830
v 0.031540 -0.033374 -0.026870
v 0.038678 -0.051261 0.014475
v 0.039190 -0.051261 0.025744
v 0.039942 -0.051261 0.025865
v 0.040105 -0.051261 0.025820
v 0.040652 -0.014730 0.016397
v 0.040595 -0.012413 0.015534
v 0.041253 -0.008541 0.009613
v 0.040360 -0.051261 -0.009379
v 0.040792 -0.051261 -0.007278
v 0.041102 -0.051261 -0.005214
v 0.041350 -0.051261 -0.002741
v 0.041445 -0.051261 0.000145
v 0.041357 -0.051261 0.006310
v 0.041253 -0.051261 0.009613
v 0.040634 -0.051261 0.024296
v 0.040495 -0.051261 0.025411
v 0.038744 -0.051261 0.025232
v 0.034716 -0.033374 -0.022634
v 0.040943 -0.014730 0.015803
v 0.041329 -0.008957 0.007131
v 0.041229 -0.008957 -0.004124
v -0.033546 -0.066361 -0.005329
v -0.033831 -0.066361 0.003542
v -0.025132 -0.065585 0.106930
v -0.024824 -0.067860 0.099095
v -0.025132 -0.067273 0.107972
v -0.025132 -0.065875 0.108014
v 0.025120 -0.065880 0.108000
v 0.025120 -0.065567 0.106531
v 0.033826 -0.066375 0.003443
v 0.031611 -0.066375 -0.013872
v -0.031623 -0.066361 -0.013886
v -0.030516 -0.068051 0.004684
v 0.025120 -0.067483 0.107365
v 0.023438 -0.066685 -0.025897
v 0.015405 -0.066684 -0.032085
v 0.007306 -0.066684 -0.035075
v -0.001128 -0.066690 -0.035870
v -0.011694 -0.066696 -0.033677
v -0.020571 -0.066696 -0.028355
v -0.027819 -0.066696 -0.020376
v -0.028966 -0.068334 -0.008508
v -0.020410 -0.068248 0.103445
v 0.005840 -0.068347 0.108254
v 0.011566 -0.068759 0.107760
v 0.031365 -0.067777 0.003192
v 0.030494 -0.067921 -0.008336
v 0.024147 -0.068772 -0.019871
v 0.013019 -0.069587 -0.028928
v -0.019433 -0.069183 -0.024569
v -0.024726 -0.068584 0.069644
v -0.011604 -0.068761 0.107774
v -0.010469 -0.069633 -0.030047
v 0.002140 -0.069770 -0.031822
v -0.016742 -0.069364 0.074269
v -0.002884 -0.069077 0.107365
v 0.024551 -0.068103 0.093326
v -0.024386 -0.068921 -0.017931
v -0.018109 -0.069581 0.049048
v -0.007721 -0.069683 0.083882
v 0.006234 -0.069506 0.092986
v 0.027183 -0.068568 0.020898
v 0.002064 -0.069913 0.080255
v 0.016218 -0.069344 0.077225
v 0.024289 -0.068772 0.061836
v 0.010319 -0.070184 -0.027487
v -0.001697 -0.070436 -0.029290
v -0.012662 -0.070021 -0.026354
v 0.018144 -0.069583 0.049048
v 0.020216 -0.069411 -0.021552
v 0.008355 -0.070214 0.049642
v -0.012369 -0.070057 0.031479
v -0.004324 -0.070345 0.049437
v 0.029272 0.000128 -0.030415
v 0.028086 0.030744 -0.030415
v -0.028040 0.030744 -0.030415
v -0.029241 -0.000296 -0.030415
v -0.028161 -0.012267 -0.030415
v 0.028160 -0.012268 -0.030415
v 0.029169 -0.001525 -0.040284
v 0.029036 0.002599 -0.040601
v 0.028117 -0.001116 -0.044090
v 0.027226 0.007193 -0.044014
v 0.025260 0.012279 -0.044107
v 0.012544 0.037909 -0.044149
v 0.011954 0.038437 -0.043585
v 0.012401 0.038917 -0.039831
v -0.012642 0.038884 -0.039684
v 0.027450 -0.045487 -0.031032
v 0.026401 -0.039983 -0.040723
v 0.024745 0.011668 -0.044421
v 0.011954 0.037239 -0.044454
v -0.012539 0.037909 -0.044149
v -0.025244 0.012275 -0.044110
v -0.027221 0.007193 -0.044019
v -0.028046 0.002417 -0.044019
v -0.029024 0.002669 -0.040593
v 0.024909 -0.039056 -0.043691
v 0.025054 -0.036575 -0.044196
v -0.027456 -0.045487 -0.031032
v 0.024877 -0.043652 -0.039199
v 0.024762 -0.041942 -0.041941
v 0.024326 -0.037397 -0.044293
v 0.024326 -0.035331 -0.044450
v -0.011949 0.037239 -0.044452
v -0.024315 -0.035331 -0.044450
v -0.026785 0.004251 -0.044454
v -0.011949 0.038437 -0.043585
v -0.000029 0.038917 -0.041870
v -0.029175 -0.001517 -0.040286
v 0.017988 -0.045305 -0.037335
v 0.010276 -0.045305 -0.040041
v -0.024315 -0.037188 -0.044308
v -0.028086 -0.001525 -0.044081
v 0.024326 -0.038843 -0.043930
v 0.000825 -0.045305 -0.041355
v -0.026395 -0.040008 -0.040728
v -0.026390 -0.043198 -0.038260
v -0.024863 -0.043652 -0.039197
v -0.024315 -0.038835 -0.043930
v -0.025043 -0.036984 -0.044180
v -0.014407 -0.045305 -0.038713
v -0.006705 -0.045305 -0.040863
v -0.024648 -0.040045 -0.043274
v -0.024751 -0.041942 -0.041941
vn -0.9995 0.0315 -0.0004
vn -0.9995 0.0310 -0.0004
vn -0.9995 0.0316 -0.0004
vn -0.0000 0.0000 -1.0000
vn -0.6515 -0.7585 0.0125
vn -0.6951 -0.7188 0.0131
vn -0.8347 -0.5394 0.1115
vn 0.0000 -0.9999 0.0172
vn 0.0066 -0.9998 0.0191
vn 0.0008 -0.9998 0.0176
vn -0.0109 -0.9997 0.0203
vn -0.0832 -0.9962 0.0241
vn -0.3324 -0.9312 0.1498
vn -0.9944 0.0589 0.0876
vn -0.9873 -0.0250 0.1568
vn -0.0700 -0.9707 0.2299
vn -0.0411 -0.7108 0.7022
vn -0.0430 -0.9958 0.0802
vn -0.6527 -0.7065 0.2736
vn -0.8092 0.5845 0.0595
vn 0.0549 -0.9982 0.0244
vn 0.0088 -0.9998 0.0197
vn 0.0494 -0.9926 0.1106
vn 0.0969 -0.8518 0.5148
vn -0.1282 -0.9799 0.1530
vn -0.8822 -0.0433 0.4689
vn -0.8019 0.5975 0.0008
vn 0.6937 -0.7202 0.0132
vn 0.6552 -0.7553 0.0127
vn 0.8398 -0.5311 0.1124
vn 0.4505 -0.8804 0.1484
vn 0.0975 -0.9940 0.0503
vn 0.1635 -0.9758 0.1450
vn -0.8992 0.0120 0.4373
vn 0.0916 -0.9846 0.1489
vn -0.0880 -0.0391 0.9954
vn -0.8119 0.5838 -0.0021
vn 0.9995 0.0306 -0.0022
vn 1.0000 0.0051 0.0003
vn 0.9876 -0.0101 0.1568
vn -0.3731 0.0061 0.9278
vn -0.2841 0.1103 0.9524
vn -0.6410 0.1017 0.7608
vn -0.7311 0.5745 0.3681
vn -0.7313 0.5746 0.3676
vn -0.7315 0.5739 0.3681
vn 0.9795 0.0431 0.1966
vn 0.7576 -0.0525 0.6506
vn 0.0760 0.0864 0.9934
vn 0.0670 0.4238 0.9033
vn -0.6845 0.0058 0.7289
vn -0.7737 0.6230 0.1153
vn 0.9206 -0.0387 0.3887
vn 0.2490 -0.0646 0.9664
vn -0.7302 0.5782 0.3641
vn -0.4060 0.9139 0.0008
vn 0.8569 0.5154 0.0022
vn 0.8099 0.5727 0.1271
vn 0.8543 0.0645 0.5158
vn 0.6478 0.0663 0.7589
vn 0.5343 -0.0325 0.8447
vn 0.1807 0.5493 0.8158
vn -0.2432 0.5168 0.8208
vn -0.5928 0.5180 0.6167
vn -0.2338 0.9723 0.0059
vn -0.0609 0.9981 0.0057
vn 0.3781 0.0314 0.9252
vn -0.2080 0.5421 0.8141
vn -0.6674 0.6360 0.3874
vn -0.1628 0.9797 0.1169
vn 0.7825 0.6001 0.1660
vn 0.8119 0.5783 0.0801
vn 0.3294 0.4953 0.8038
vn -0.4832 0.6249 0.6132
vn -0.4848 0.6191 0.6178
vn -0.4835 0.6243 0.6136
vn 0.8066 0.5911 -0.0042
vn 0.6882 0.5711 0.4474
vn 0.5557 0.5634 0.6114
vn 0.6907 0.5839 0.4266
vn 0.5912 0.5407 0.5985
vn 0.1803 0.6353 0.7509
vn 0.3992 0.5768 0.7127
vn 0.7725 0.6350 0.0016
vn -0.1733 0.6201 0.7651
vn -0.0126 0.9999 -0.0019
vn -0.0098 1.0000 -0.0015
vn -0.0033 1.0000 -0.0006
vn -0.4199 0.7029 0.5741
vn 0.0000 1.0000 -0.0001
vn 0.5371 0.8298 0.1518
vn 0.4440 0.8960 0.0017
vn 0.4478 0.8941 0.0016
vn 0.4386 0.8987 0.0019
vn 0.4348 0.9005 0.0020
vn 0.0000 0.7569 0.6535
vn 0.3244 0.6497 0.6875
vn -0.4851 0.6179 0.6188
vn 0.4301 0.8850 0.1786
vn 0.0235 0.9997 0.0004
vn 0.0258 0.9997 -0.0001
vn 0.0244 0.9997 0.0002
vn 0.3716 0.7591 0.5345
vn 0.0266 0.9996 -0.0003
vn 0.1518 0.9835 0.0979
vn -0.9996 0.0268 0.0125
vn -0.7527 0.6577 0.0301
vn -0.6940 -0.6933 -0.1944
vn -0.7687 -0.6318 -0.0995
vn -0.5133 -0.8582 0.0105
vn -0.7334 0.6408 0.2269
vn -0.5145 0.8570 -0.0301
vn -0.9942 -0.0074 -0.1075
vn -0.9778 0.0235 -0.2083
vn -0.9096 -0.3479 -0.2272
vn 0.0000 -0.9938 -0.1116
vn -0.0482 -0.9949 -0.0890
vn -0.2865 -0.9500 -0.1244
vn -0.7730 0.5912 0.2300
vn -0.2294 0.9710 0.0670
vn -0.2260 0.9717 0.0687
vn -0.2274 0.9714 0.0680
vn -0.2310 0.9707 0.0663
vn -0.9921 -0.0217 0.1237
vn -0.3910 0.9204 -0.0042
vn 0.0000 0.5655 -0.8248
vn -0.0007 0.5637 -0.8260
vn -0.0009 0.5635 -0.8261
vn -0.9762 -0.0074 -0.2169
vn 0.1150 -0.9891 -0.0919
vn 0.0317 -0.9947 -0.0976
vn 0.5516 -0.8169 -0.1685
vn 0.0001 -1.0000 0.0003
vn -0.0001 -1.0000 0.0003
vn 0.0000 -1.0000 0.0004
vn 0.0002 -1.0000 0.0007
vn 0.0002 -1.0000 0.0001
vn -0.0007 -1.0000 0.0011
vn -0.0010 -1.0000 0.0015
vn -0.1545 -0.9873 0.0371
vn -0.5064 -0.8313 0.2291
vn -0.1440 0.9844 0.1008
vn -0.9490 0.0040 0.3152
vn -0.0070 0.9998 0.0207
vn -0.0078 0.9997 0.0213
vn -0.0072 0.9998 0.0208
vn -0.0010 0.5631 -0.8264
vn -0.0017 0.9999 0.0163
vn 0.9762 -0.0162 -0.2164
vn 0.3861 0.9225 -0.0022
vn 0.5207 0.8532 -0.0301
vn 0.9785 0.0248 -0.2049
vn 0.9366 -0.2647 -0.2296
vn -0.4468 0.8382 0.3128
vn -0.8125 0.0155 0.5827
vn -0.0709 0.9904 0.1188
vn -0.0125 0.9924 0.1224
vn -0.0333 0.9919 0.1229
vn 0.5006 -0.8652 -0.0268
vn -0.9355 -0.0239 0.3525
vn -0.4310 0.8526 0.2954
vn 0.1996 0.9766 0.0806
vn 0.1973 0.9770 0.0813
vn 0.1931 0.9777 0.0825
vn 0.1911 0.9780 0.0831
vn 0.0314 0.9918 0.1239
vn 0.1035 0.9883 0.1124
vn 0.9979 -0.0267 -0.0590
vn -0.6493 -0.5333 0.5421
vn -0.1901 0.9278 0.3209
vn -0.0392 0.2450 0.9687
vn 0.2902 0.8969 0.3337
vn 0.4494 0.8717 0.1954
vn 0.6570 0.7094 0.2552
vn 0.8634 0.5000 0.0672
vn -0.0096 -0.9976 0.0683
vn -0.6252 0.0296 0.7799
vn -0.7713 -0.0219 0.6361
vn -0.4206 0.7439 0.5193
vn -0.1006 0.6292 0.7707
vn -0.0371 0.0271 0.9989
vn -0.0367 0.0270 0.9990
vn -0.0404 0.0230 0.9989
vn 0.3206 0.8793 0.3521
vn 0.9974 0.0345 0.0633
vn 0.1564 0.8036 0.5742
vn 0.2142 -0.9755 0.0506
vn 0.2000 -0.9788 0.0446
vn -0.2682 -0.8929 0.3616
vn -0.2653 0.6485 0.7134
vn 0.1543 0.8256 0.5428
vn -0.0258 -0.9994 -0.0216
vn -0.0835 -0.8724 0.4817
vn -0.3871 0.0193 0.9218
vn -0.0279 -0.3017 0.9530
vn 0.7200 -0.0099 0.6939
vn 0.2436 -0.0029 0.9699
vn 0.3876 0.6591 0.6445
vn 0.1156 -0.9927 0.0345
vn 0.0796 -0.9717 0.2223
vn -0.5366 -0.0382 0.8430
vn -0.2881 -0.0171 0.9574
vn 0.5315 0.0304 0.8465
vn 0.7096 -0.0182 0.7043
vn 0.7870 -0.0256 0.6164
vn 0.9145 0.0491 0.4016
vn 0.9587 -0.0517 0.2798
vn 0.2734 0.0115 0.9618
vn 0.1524 -0.5384 0.8288
vn 0.5119 -0.6524 0.5588
vn 0.2637 -0.8355 0.4821
vn 0.4295 -0.0276 0.9027
vn -0.9979 -0.0021 0.0644
vn 0.0000 -1.0000 0.0000
vn -0.0001 -1.0000 0.0001
vn 0.0003 -1.0000 0.0003
vn -0.9989 0.0114 0.0463
vn -0.6780 0.7349 0.0122
vn -0.7044 0.7085 0.0424
vn -0.0006 -1.0000 0.0006
vn -0.0003 -1.0000 0.0002
vn -0.0002 -1.0000 0.0001
vn 0.0002 -1.0000 0.0010
vn -0.0000 -1.0000 0.0011
vn -0.6659 -0.0099 -0.7460
vn -0.4549 0.0097 -0.8905
vn -0.0060 -0.2249 -0.9744
vn 0.0009 -1.0000 0.0009
vn 0.0008 -1.0000 0.0008
vn -0.0001 -1.0000 0.0015
vn -0.7384 -0.3281 0.5892
vn -0.8541 -0.0111 0.5200
vn -0.9309 -0.0253 0.3643
vn -0.9277 -0.0182 0.3730
vn -0.9274 -0.0178 0.3736
vn -0.0716 0.9974 0.0007
vn -0.6519 0.7142 0.2548
vn -0.7488 0.6306 -0.2043
vn -0.2570 0.0695 -0.9639
vn -0.3099 0.1012 -0.9454
vn 0.1380 0.0671 -0.9882
vn 0.1083 0.0372 -0.9934
vn -0.9773 0.0009 -0.2119
vn -0.8672 -0.0322 -0.4968
vn 0.9040 -0.0392 0.4257
vn 0.8614 -0.0067 0.5079
vn 0.8610 -0.0029 0.5085
vn 0.8613 -0.0060 0.5080
vn 0.6499 -0.4413 0.6188
vn 0.3674 -0.6275 0.6865
vn 0.0047 -0.5065 0.8623
vn -0.0000 -0.5180 0.8554
vn -0.3745 -0.6321 0.6784
vn 0.0000 0.0000 1.0000
vn -0.8593 -0.1024 0.5011
vn -0.9314 -0.0263 0.3632
vn -0.5945 0.7535 0.2808
vn -0.9639 0.0365 -0.2639
vn 0.3774 0.0471 -0.9249
vn -0.8258 0.0095 -0.5639
vn 0.9131 -0.0274 0.4068
vn 0.8609 -0.0018 0.5087
vn -0.6534 0.0029 -0.7570
vn 0.5057 -0.0181 -0.8625
vn -0.6298 0.6432 -0.4355
vn 0.9909 -0.0024 0.1346
vn -0.0534 0.9986 -0.0017
vn -0.0532 0.9986 -0.0015
vn -0.0525 0.9986 -0.0007
vn -0.5216 0.6136 -0.5928
vn 0.9957 -0.0336 0.0859
vn 0.6684 0.6820 0.2969
vn -0.7035 0.5721 0.4217
vn -0.0563 0.9984 -0.0050
vn -0.6040 0.7404 -0.2949
vn -0.2544 0.5589 -0.7892
vn -0.2543 0.5590 -0.7892
vn -0.2542 0.5592 -0.7891
vn 0.0929 0.4755 -0.8748
vn 0.6913 0.7165 0.0936
vn 0.6359 0.6976 0.3303
vn 0.6981 0.5847 0.4133
vn -0.0197 0.9998 0.0004
vn 0.2967 0.6027 -0.7407
vn 0.6709 0.7338 0.1071
vn -0.0426 0.9989 0.0200
vn -0.2541 0.5594 -0.7890
vn -0.0165 0.5745 -0.8183
vn 0.1008 0.9948 0.0144
vn -0.4848 0.6421 -0.5938
vn 0.6493 0.0529 -0.7587
vn 0.0754 0.9971 0.0033
vn 0.2527 0.6259 -0.7378
vn 0.5288 0.5859 -0.6140
vn 0.1252 0.9920 -0.0178
vn 0.6855 0.7213 -0.0992
vn 0.7130 0.6984 -0.0626
vn 0.4826 0.6252 -0.6134
vn 0.7085 0.0031 -0.7057
vn 0.9958 0.0135 -0.0907
vn 0.0155 0.9999 -0.0056
vn 0.0187 0.9998 -0.0043
vn 0.0259 0.9997 -0.0015
vn 0.9687 -0.0276 -0.2466
vn 0.7157 0.6522 -0.2496
vn 0.6116 0.7035 -0.3620
vn 0.0284 0.9996 -0.0005
vn 0.1206 0.9599 -0.2530
vn 0.9452 0.0089 -0.3263
vn 0.6163 0.6853 -0.3880
vn -0.1011 0.9837 0.1487
vn 0.8642 -0.0237 -0.5026
vn 0.8469 -0.0066 -0.5318
vn -0.9999 0.0128 0.0078
vn -1.0000 0.0000 0.0000
vn -0.9783 -0.2072 0.0000
vn 0.0000 1.0000 0.0000
vn 0.0003 1.0000 -0.0001
vn 0.0002 1.0000 -0.0002
vn -0.0000 -1.0000 0.0002
vn -0.0000 -1.0000 0.0005
vn -0.0139 -0.9998 0.0104
vn -0.2559 -0.9644 0.0664
vn -0.9262 -0.0007 -0.3770
vn 0.0006 1.0000 0.0006
vn -0.0001 1.0000 0.0000
vn 0.0000 1.0000 -0.0012
vn 0.0001 1.0000 -0.0013
vn -0.8933 -0.0089 0.4494
vn 0.0003 1.0000 -0.0003
vn 0.9822 -0.1877 0.0000
vn -0.0204 -0.9991 0.0365
vn -0.5601 0.0058 -0.8284
vn -0.5601 0.0059 -0.8284
vn -0.0915 0.5182 -0.8504
vn -0.3500 0.1814 -0.9190
vn -0.7597 0.0182 -0.6500
vn -0.8067 -0.0069 -0.5909
vn -0.8613 0.0140 0.5079
vn -0.8186 -0.0084 0.5743
vn -0.5767 0.0049 0.8170
vn -0.4412 -0.0035 0.8974
vn -0.4233 0.0018 0.9060
vn 0.0000 1.0000 0.0002
vn 0.9319 -0.3625 0.0135
vn 0.9213 0.0002 0.3888
vn 0.0174 -0.9998 0.0126
vn 0.0144 -0.9999 0.0074
vn 0.0137 -0.9999 0.0062
vn 0.5323 -0.7195 -0.4461
vn -0.0216 -0.9968 0.0768
vn -0.8848 0.0052 -0.4660
vn 0.0003 0.6545 -0.7561
vn -0.3559 -0.0119 -0.9345
vn -0.5602 0.0059 -0.8284
vn -0.6933 -0.0041 -0.7206
vn -0.1069 0.0358 -0.9936
vn -0.8915 -0.0004 -0.4530
vn -0.6961 -0.0011 0.7179
vn -0.7288 0.0117 0.6847
vn -0.5965 -0.0039 0.8026
vn 0.0000 0.1856 0.9826
vn 0.0278 0.1448 0.9891
vn 0.2292 0.0010 0.9734
vn 0.0002 1.0000 0.0004
vn 0.0015 1.0000 0.0012
vn 0.0019 1.0000 0.0015
vn 1.0000 0.0004 0.0000
vn 0.0277 -0.9873 0.1564
vn -0.0069 -0.9890 0.1480
vn 0.0005 -0.0728 -0.9973
vn -0.3450 -0.0283 -0.9382
vn -0.4682 -0.4423 0.7649
vn -0.3118 -0.0186 0.9500
vn -0.1787 0.0213 0.9837
vn -0.1010 -0.0374 0.9942
vn 0.0280 0.0211 0.9994
vn 0.3563 -0.0234 0.9341
vn 0.4737 0.0061 0.8807
vn 0.6577 -0.0053 0.7533
vn 0.7889 0.0138 0.6143
vn 0.9136 0.0020 0.4065
vn 0.8840 -0.0152 0.4672
vn 0.0133 -0.9999 0.0056
vn 0.0338 -0.9932 0.1111
vn 0.9013 0.0042 -0.4332
vn 0.9223 0.0014 -0.3864
vn -0.7103 -0.4201 0.5647
vn 0.4869 0.0443 -0.8724
vn 0.4884 0.0463 -0.8714
vn 0.4883 0.0459 -0.8715
vn 0.1866 0.3717 -0.9094
vn 0.1313 -0.0674 0.9891
vn 0.3886 -0.3583 0.8489
vn 0.5015 -0.0051 0.8652
vn 0.8343 -0.0140 0.5511
vn 0.1368 -0.9851 0.1044
vn 0.6330 -0.0124 -0.7741
vn 0.4887 0.0463 -0.8712
vn 0.3077 -0.0226 -0.9512
vn 0.2002 0.0893 -0.9757
vn 0.6967 -0.0241 0.7170
vn 0.7163 -0.2862 0.6364
vn 0.8740 -0.0132 -0.4857
vn 0.7647 0.0170 -0.6442
vn 0.7662 0.0181 -0.6424
vn 0.7705 0.0212 -0.6370
vn 0.7714 0.0218 -0.6360
vn 0.0548 0.0000 -0.9985
vn 0.0554 -0.0003 -0.9985
vn 0.0549 -0.0002 -0.9985
vn 0.0001 0.1288 -0.9917
vn 0.0000 0.1234 -0.9924
vn 0.0002 0.1326 -0.9912
vn 0.0002 0.1361 -0.9907
vn 0.0001 0.1364 -0.9907
vn 0.8882 0.0018 0.4595
vn 0.0560 -0.0008 -0.9984
vn 0.0005 -1.0000 -0.0004
vn 0.0004 -1.0000 -0.0002
vn 0.0029 -1.0000 0.0049
vn -0.0029 -1.0000 0.0040
vn -0.0012 -1.0000 0.0006
vn 0.0001 0.4702 -0.8825
vn 0.0002 0.4711 -0.8821
vn 0.0001 0.4703 -0.8825
vn -0.0001 0.4682 -0.8836
vn -0.9587 -0.0046 0.2843
vn -0.9246 -0.0060 0.3808
vn -0.9092 0.0197 0.4159
vn -0.0089 0.3715 -0.9284
vn -0.0001 1.0000 0.0003
vn 0.9265 -0.0125 0.3760
vn 0.9030 -0.0316 0.4285
vn 0.0009 -1.0000 0.0005
vn 0.0011 -1.0000 0.0008
vn -0.9128 -0.0092 0.4083
vn -0.8787 0.0036 0.4774
vn 0.8748 0.0001 0.4844
vn 0.0015 -1.0000 0.0014
vn 0.0025 -1.0000 0.0035
vn 0.0036 -1.0000 0.0057
vn 0.0051 -0.9999 0.0096
vn 0.0056 -0.9999 0.0110
vn -0.0053 -0.9999 0.0087
vn -0.0049 -1.0000 0.0079
vn -0.0036 -1.0000 0.0050
vn -0.0022 -1.0000 0.0021
vn -0.0014 -1.0000 0.0008
vn -0.8649 -0.1816 0.4679
vn -0.0001 1.0000 0.0001
vn -0.0001 1.0000 0.0002
vn -0.0002 1.0000 0.0002
vn -0.0002 1.0000 0.0003
vn -0.0001 1.0000 0.0009
vn -0.0001 1.0000 0.0011
vn 0.8396 0.0048 0.5433
vn 0.8231 -0.0001 0.5679
vn 0.7801 -0.0013 0.6256
vn 0.7065 -0.0030 0.7077
vn 0.6435 -0.0009 0.7654
vn 0.6458 -0.0003 0.7635
vn 0.6387 -0.0021 0.7694
vn 0.6363 -0.0027 0.7714
vn 0.5154 -0.0025 0.8569
vn 0.5129 -0.0019 0.8584
vn 0.5072 -0.0007 0.8618
vn 0.4544 -0.0021 0.8908
vn 0.4143 0.0123 0.9101
vn 0.2662 0.0317 0.9634
vn -0.0079 -0.9998 0.0155
vn -0.7037 -0.0007 0.7105
vn -0.7040 -0.0006 0.7102
vn -0.7047 -0.0004 0.7095
vn -0.7857 -0.0131 0.6185
vn -0.8488 -0.0020 0.5287
vn -0.8638 0.0032 0.5038
vn -0.7909 0.0146 0.6117
vn -0.7516 -0.0014 0.6596
vn -0.7049 -0.0004 0.7093
vn -0.5188 -0.0016 0.8549
vn -0.5247 -0.0006 0.8513
vn -0.5225 -0.0010 0.8526
vn -0.5168 -0.0020 0.8561
vn -0.4886 -0.0012 0.8725
vn -0.4674 0.0010 0.8840
vn -0.4475 -0.0005 0.8943
vn -0.3934 0.0152 0.9192
vn -0.2666 0.0318 0.9633
vn -0.2357 0.0481 0.9706
vn -0.1177 0.1295 0.9846
vn -0.1165 0.1302 0.9846
vn -0.1147 0.1313 0.9847
vn -0.1136 0.1321 0.9847
vn -0.0414 0.1832 0.9822
vn -0.0004 0.2360 0.9718
vn 0.0410 0.1827 0.9823
vn 0.1089 0.1342 0.9849
vn 0.1350 0.1176 0.9838
vn 0.2355 0.0479 0.9707
vn 0.7918 0.0015 0.6107
vn 0.7198 0.0006 0.6942
vn 0.5515 -0.0000 0.8341
vn 0.5046 -0.0001 0.8634
vn -0.4536 -0.0380 0.8904
vn -0.5927 -0.0007 0.8054
vn -0.6070 -0.0042 0.7947
vn -0.8107 -0.0005 0.5855
vn -0.6534 0.0001 0.7570
vn 0.0000 -0.0005 1.0000
vn 0.0000 -0.0007 1.0000
vn -0.0003 0.1617 0.9868
vn 0.8216 0.0020 -0.5700
vn 0.7437 0.0288 -0.6679
vn -0.0001 -1.0000 -0.0000
vn 0.8440 0.0048 -0.5363
vn 0.7640 -0.0682 -0.6416
vn -0.7524 0.0301 -0.6580
vn -0.8228 -0.0007 -0.5683
vn -0.8480 -0.0000 -0.5300
vn -0.9079 0.0019 -0.4192
vn -0.9326 -0.0016 -0.3610
vn -0.9628 0.0034 -0.2702
vn -0.9628 0.0034 -0.2703
vn -0.9879 -0.0006 -0.1552
vn -0.9925 0.0032 -0.1225
vn -0.9998 -0.0001 -0.0185
vn -0.9999 0.0035 0.0107
vn -0.0002 1.0000 0.0000
vn -0.0002 1.0000 0.0001
vn -0.0004 1.0000 0.0008
vn -0.0003 1.0000 0.0007
vn -0.8740 -0.0043 -0.4859
vn -0.0001 -1.0000 -0.0001
vn -0.0002 -1.0000 -0.0001
vn -0.9857 -0.0663 -0.1549
vn -0.9631 -0.2684 -0.0179
vn -0.9505 -0.3108 0.0003
vn -0.9913 -0.0011 0.1316
vn -0.9909 -0.0015 0.1343
vn -0.9903 -0.0022 0.1390
vn -0.9900 -0.0026 0.1411
vn -0.9572 0.0237 0.2884
vn -0.8909 0.0230 0.4537
vn -0.8339 -0.0003 0.5520
vn -0.7954 0.0005 0.6061
vn -0.7968 0.0002 0.6043
vn -0.7976 -0.0000 0.6032
vn -0.7945 0.0006 0.6072
vn -0.7094 -0.0004 0.7048
vn -0.7081 -0.0007 0.7061
vn -0.7086 -0.0006 0.7056
vn -0.6041 -0.0034 0.7969
vn -0.5434 0.0036 0.8394
vn -0.4521 -0.0083 0.8919
vn -0.0014 -0.0014 1.0000
vn -0.0016 -0.0014 1.0000
vn -0.0004 -0.0007 1.0000
vn -0.0002 -0.0005 1.0000
vn -0.0008 -1.0000 0.0000
vn -0.7099 -0.0003 0.7043
vn -0.3694 0.0013 0.9293
vn 0.9000 -0.0069 -0.4358
vn -0.7636 -0.0684 -0.6420
vn 0.3751 -0.0008 0.9270
vn 0.3785 -0.0012 0.9256
vn 0.3772 -0.0010 0.9261
vn 0.3738 -0.0006 0.9275
vn 0.9355 -0.3533 0.0003
vn 0.9829 -0.0103 -0.1841
vn 0.9459 0.0096 -0.3243
vn 0.9950 0.0027 -0.0997
vn 0.9967 -0.0041 0.0807
vn 0.9983 0.0018 0.0580
vn 0.9781 -0.2005 0.0568
vn 0.9796 0.0001 0.2012
vn 0.9691 0.0085 0.2464
vn 0.9031 0.0189 0.4290
vn 0.8605 0.0008 0.5095
vn 0.5182 -0.0016 0.8552
vn 0.5695 0.0076 0.8219
vn 0.6655 -0.0035 0.7464
vn 0.8012 -0.0027 0.5984
vn 0.7853 -0.0069 0.6191
vn 0.7125 0.0005 0.7017
vn 0.0146 -0.0006 -0.9999
vn 0.0125 0.0009 -0.9999
vn 0.0224 -0.0064 -0.9997
vn 0.0234 -0.0072 -0.9997
vn -0.0644 -0.2789 -0.9582
vn -0.1602 0.0545 -0.9856
vn -0.1600 0.0592 -0.9853
vn -0.1599 0.0600 -0.9853
vn -0.5003 0.8658 0.0000
vn -0.0001 1.0000 0.0008
vn 0.0001 1.0000 -0.0000
vn 0.0029 1.0000 -0.0016
vn -0.0000 1.0000 0.0003
vn 0.0000 1.0000 0.0001
vn -0.0252 -0.2697 -0.9626
vn -0.9255 -0.2478 -0.2865
vn -0.4193 0.7714 0.4787
vn 0.1091 -0.0117 -0.9940
vn 0.0347 -0.5532 -0.8323
vn -0.0759 -0.6870 -0.7227
vn -0.1600 0.0606 -0.9853
vn -0.2073 -0.0849 -0.9746
vn -0.4854 0.6308 0.6054
vn -0.0121 -0.5530 0.8331
vn 0.9795 -0.1120 0.1676
vn 0.9924 0.1232 0.0000
vn -0.3927 -0.2573 0.8829
vn 0.1360 -0.2017 -0.9700
vn 0.0355 -0.6424 -0.7655
vn -0.0281 -0.6964 -0.7171
vn 0.0002 -1.0000 0.0008
vn 0.0001 -1.0000 0.0002
vn 0.0000 -1.0000 0.0007
vn 0.0031 1.0000 -0.0047
vn -0.0003 1.0000 0.0016
vn 0.0001 1.0000 0.0001
vn 0.0009 1.0000 -0.0016
vn 0.0000 -0.5668 0.8238
vn 0.9748 -0.1479 0.1668
vn 0.5374 -0.7821 0.3154
vn 0.1266 -0.0013 -0.9920
vn -0.0001 -1.0000 0.0002
vn 0.8909 -0.0274 -0.4533
vn 0.8188 0.0194 -0.5738
vn 0.7223 0.0103 -0.6915
vn 0.4874 -0.0038 -0.8732
vn 0.3701 0.0031 -0.9290
vn 0.9054 -0.1373 -0.4017
vn 0.0897 -0.6870 -0.7211
vn 0.0065 -0.7553 -0.6554
vn 0.0004 -1.0000 -0.0008
vn 0.0002 -1.0000 -0.0004
vn 0.9074 0.0199 -0.4198
vn 0.8165 -0.2776 -0.5062
vn 0.8367 -0.0011 -0.5477
vn 0.7464 -0.0096 -0.6654
vn 0.6081 -0.0187 -0.7936
vn 0.5933 -0.7611 -0.2622
vn 0.5536 -0.8057 -0.2107
vn 0.1627 -0.2413 -0.9567
vn -0.1176 -0.7102 -0.6941
vn 0.4521 -0.8046 -0.3850
vn 0.9049 -0.0959 -0.4148
vn 0.8026 -0.3198 -0.5035
vn 0.7405 -0.0791 -0.6673
vn 0.6213 -0.0377 -0.7827
vn 0.4260 -0.0467 -0.9035
vn 0.2334 -0.0025 -0.9724
vn 0.2334 -0.0026 -0.9724
vn 0.2334 0.0013 -0.9724
vn 0.2508 -0.0154 -0.9679
vn 0.2335 -0.0036 -0.9724
vn 0.3106 -0.1574 -0.9374
vn 0.1367 -0.6579 -0.7406
vn -0.1516 -0.7061 -0.6917
vn -0.1938 -0.7166 -0.6700
vn 0.1772 -0.7684 -0.6149
vn 0.5168 -0.7773 -0.3587
vn 0.5166 -0.7772 -0.3594
vn 0.5172 -0.7772 -0.3583
vn 0.6187 0.0861 -0.7809
vn 0.4402 -0.1450 -0.8861
vn 0.4271 -0.0051 -0.9042
vn 0.2317 -0.6798 -0.6959
vn 0.1793 -0.6881 -0.7031
vn 0.0855 -0.7178 -0.6909
vn -0.0223 -0.8036 -0.5947
vn 0.1630 -0.7520 -0.6387
vn 0.2353 -0.7407 -0.6293
vn 0.3157 -0.7567 -0.5724
vn 0.4011 -0.7403 -0.5395
vn 0.5032 -0.8230 -0.2637
vn 0.6890 -0.2435 -0.6826
vn 0.5938 -0.0894 -0.7996
vn 0.3327 -0.6598 -0.6738
vn 0.2504 -0.6961 -0.6729
vn 0.3506 -0.7368 -0.5782
vn 0.4095 -0.7504 -0.5189
vn 0.4481 -0.7509 -0.4851
vn 0.5209 -0.7770 -0.3533
vn 0.5719 -0.7364 -0.3614
vn 0.4850 -0.7315 -0.4792
vn -0.1965 0.0112 -0.9804
vn -0.8210 0.5699 -0.0343
vn -0.7823 0.6228 -0.0111
vn -0.7369 0.6760 0.0000
vn 0.4693 -0.6431 -0.6051
vn 0.4103 -0.6268 -0.6624
vn -0.0029 -0.2957 -0.9553
vn -0.9989 0.0003 -0.0463
vn -0.6520 0.7578 0.0251
vn -0.5131 0.8579 0.0269
vn -0.0001 -0.9990 -0.0438
vn 0.1154 -0.9929 -0.0299
vn 0.2071 -0.9782 -0.0134
vn -0.7760 0.5376 0.3300
vn -0.5037 0.8530 0.1368
vn -0.5671 0.8187 0.0904
vn -0.2745 0.9578 0.0848
vn -0.4218 0.9062 0.0286
vn 0.9464 -0.0679 -0.3157
vn 0.9401 -0.2120 -0.2670
vn 0.5393 -0.8235 -0.1764
vn 0.5089 -0.8506 -0.1319
vn -0.1893 0.4571 0.8691
vn -0.3582 0.9058 0.2263
vn -0.3043 0.9208 0.2440
vn -0.1328 0.9496 0.2840
vn 0.0886 0.9858 0.1424
vn -0.0191 0.9978 -0.0633
vn 0.2678 0.9629 0.0334
vn 0.0057 0.9996 0.0274
vn 0.9420 0.0038 -0.3357
vn 0.9707 -0.2145 -0.1083
vn 0.5820 -0.7970 -0.1618
vn 0.5915 -0.7870 -0.1755
vn 0.5302 -0.8471 -0.0346
vn 0.5450 -0.8383 -0.0156
vn 0.4643 -0.8855 0.0164
vn 0.3048 -0.9524 0.0096
vn -0.1818 0.4424 0.8782
vn -0.0375 0.9550 0.2943
vn -0.0338 0.9551 0.2945
vn -0.0428 0.9548 0.2941
vn -0.0466 0.9547 0.2940
vn -0.0056 0.7319 0.6814
vn -0.0115 0.8917 0.4525
vn 0.5162 0.8061 0.2894
vn 0.9492 -0.0089 -0.3145
vn 0.9760 -0.1036 -0.1918
vn 0.5619 -0.8229 -0.0848
vn 0.5460 -0.8377 0.0088
vn 0.5898 -0.8075 0.0070
vn 0.7665 -0.6422 0.0097
vn 0.5613 -0.8262 0.0484
vn 0.3632 -0.9315 0.0178
vn 0.4049 -0.9142 0.0201
vn 0.3876 -0.9216 0.0202
vn -0.9684 -0.2496 0.0042
vn 0.0302 -0.1635 0.9861
vn 0.7043 0.7095 0.0259
vn 0.5460 0.7872 0.2866
vn 0.9421 0.3057 0.1379
vn 0.7811 0.1964 0.5927
vn 0.8889 0.1284 0.4397
vn 0.9752 0.0068 -0.2210
vn 0.9951 -0.0649 -0.0748
vn 0.5748 -0.8134 -0.0894
vn 0.9789 -0.2043 0.0104
vn 0.8719 -0.4863 0.0577
vn 0.9122 -0.4045 0.0658
vn 0.6230 -0.7731 0.1195
vn 0.4840 -0.8684 0.1077
vn 0.5840 -0.7367 0.3409
vn 0.2002 -0.9795 0.0228
vn 0.1492 0.2035 0.9676
vn 0.2122 0.2737 0.9381
vn 0.9995 0.0295 0.0137
vn 0.9999 0.0007 0.0109
vn 0.9184 0.0027 0.3956
vn 0.9809 -0.0016 -0.1943
vn 0.9911 0.0043 -0.1328
vn 0.9971 -0.0150 -0.0746
vn 0.6015 -0.7960 -0.0671
vn 0.9867 -0.1621 0.0101
vn 0.5829 -0.8124 -0.0155
vn 0.2058 -0.4834 0.8509
vn 0.6958 -0.2455 0.6750
vn 0.7149 -0.1073 0.6910
vn 0.9885 0.0029 0.1513
vn 0.3669 -0.9297 0.0317
vn 0.3677 -0.8917 0.2638
vn 0.9993 0.0030 -0.0365
vn 0.3489 -0.9357 0.0515
vn -0.0081 0.0070 -0.9999
vn -0.0426 -0.6674 -0.7435
vn -0.1140 0.0000 -0.9935
vn 0.0009 1.0000 0.0014
vn 1.0000 -0.0000 0.0000
vn 0.0142 -0.7332 -0.6799
vn 0.0009 1.0000 0.0016
vn 0.0011 1.0000 0.0020
vn 0.0005 1.0000 0.0013
vn 0.0208 -0.0022 -0.9998
vn 0.6590 0.0580 0.7499
vn 0.7002 -0.1072 0.7059
vn -0.2520 -0.6964 -0.6720
vn 0.5236 -0.8520 0.0000
vn 0.0309 -0.7552 -0.6547
vn -0.2003 -0.6545 -0.7291
vn -0.1036 -0.4154 -0.9037
vn -0.1276 0.0087 -0.9918
vn -0.2448 0.0011 -0.9696
vn -0.3758 0.0125 -0.9266
vn 0.6965 -0.3063 0.6489
vn 0.0000 -0.5639 0.8258
vn -0.0032 -1.0000 -0.0033
vn -0.0033 -1.0000 -0.0034
vn -0.2387 -0.7337 -0.6361
vn -0.2271 -0.0075 -0.9738
vn -0.0005 1.0000 -0.0005
vn -0.9919 0.1272 0.0000
vn -0.9835 -0.0924 0.1553
vn -0.9729 -0.1337 0.1887
vn -0.0382 -0.5775 0.8155
vn -0.3048 -0.6738 -0.6732
vn -0.3258 -0.0431 -0.9445
vn -0.3217 -0.0191 -0.9467
vn -0.4080 -0.1760 -0.8959
vn -0.4532 -0.0146 -0.8913
vn -0.9108 -0.0860 -0.4039
vn -0.7618 -0.5903 0.2670
vn -0.5302 -0.7783 0.3364
vn -0.3267 -0.6984 -0.6368
vn -0.4492 -0.0726 -0.8905
vn -0.0006 1.0000 -0.0006
vn -0.7655 -0.5932 -0.2493
vn -0.4872 0.0047 -0.8733
vn -0.0004 1.0000 -0.0004
vn -0.0004 1.0000 -0.0003
vn -0.9020 -0.0223 -0.4312
vn -0.2868 -0.7697 -0.5703
vn -0.5058 -0.2136 -0.8358
vn -0.5912 0.0068 -0.8065
vn -0.5665 -0.0125 -0.8240
vn -0.6533 -0.0079 -0.7571
vn -0.6956 0.0165 -0.7182
vn -0.7265 -0.0044 -0.6871
vn -0.7811 0.0074 -0.6243
vn -0.7814 0.0079 -0.6240
vn -0.7802 0.0064 -0.6255
vn -0.7799 0.0067 -0.6259
vn -0.8391 -0.0113 -0.5439
vn -0.8537 0.0068 -0.5208
vn -0.9070 -0.0116 -0.4210
vn -0.9060 -0.0606 -0.4190
vn -0.2901 -0.7774 -0.5581
vn -0.3698 -0.6975 -0.6138
vn -0.6108 -0.2225 -0.7599
vn -0.5681 -0.0749 -0.8195
vn -0.7664 -0.1265 -0.6298
vn -0.8377 -0.0905 -0.5386
vn -0.8844 -0.1605 -0.4383
vn -0.5679 -0.7745 -0.2786
vn -0.5598 -0.7916 -0.2450
vn -0.5487 -0.8054 -0.2242
vn -0.5038 -0.8281 -0.2459
vn -0.3882 -0.7362 -0.5544
vn -0.3847 -0.7422 -0.5487
vn -0.3888 -0.7354 -0.5551
vn -0.6414 -0.1627 -0.7498
vn -0.7131 -0.1913 -0.6744
vn -0.4453 -0.7004 -0.5577
vn -0.6979 -0.2378 -0.6756
vn -0.8042 -0.2219 -0.5514
vn -0.3852 -0.7424 -0.5481
vn -0.5034 -0.7175 -0.4814
vn -0.5111 -0.7564 -0.4083
vn -0.5601 -0.7322 -0.3875
vn -0.5421 -0.7766 -0.3211
vn -0.0055 -1.0000 -0.0057
vn -0.3980 -0.7794 -0.4838
vn -0.4030 -0.7656 -0.5014
vn -0.4691 -0.7383 -0.4846
vn -0.4672 -0.7408 -0.4826
vn -0.4673 -0.7407 -0.4828
vn -0.5138 -0.7946 -0.3235
vn -0.4257 -0.8134 -0.3964
vn -0.4904 -0.7813 -0.3862
vn -0.4692 -0.7847 -0.4051
vn -0.4654 -0.7431 -0.4808
vn -0.4983 -0.7945 -0.3471
vn -0.0466 0.6949 0.7176
vn -0.0669 0.9960 0.0600
vn -1.0000 0.0006 0.0000
vn -0.0326 -0.8437 0.5358
vn -0.0007 1.0000 0.0063
vn -0.0012 0.9999 0.0109
vn -0.0018 1.0000 0.0091
vn -0.0158 -0.8810 0.4728
vn -0.0029 -0.8994 0.4371
vn -0.0011 1.0000 0.0000
vn -0.0009 1.0000 0.0006
vn -0.0022 1.0000 0.0007
vn -0.0023 1.0000 0.0000
vn 0.0000 -1.0000 0.0019
vn -0.0000 -1.0000 0.0020
vn 0.0000 -0.9405 -0.3399
vn -0.0000 -0.9786 0.2057
vn -0.0000 -0.9790 0.2037
vn -0.0000 -0.9792 0.2031
vn -0.0000 -0.9802 0.1980
vn 0.0000 -1.0000 0.0003
vn 0.0410 -0.0221 -0.9989
vn 0.1380 0.2445 0.9598
vn -0.1730 0.2429 0.9545
vn -0.5439 0.2012 0.8146
vn -0.6573 0.1779 0.7324
vn 0.2170 0.2426 0.9455
vn -0.0009 0.3715 0.9284
vn -0.1768 0.4113 0.8942
vn -0.8633 0.1955 0.4653
vn -0.8843 0.1827 0.4297
vn -0.8946 0.1034 0.4347
vn 0.3692 0.3919 0.8427
vn 0.2463 0.4089 0.8787
vn 0.0506 0.3710 0.9272
vn -0.1891 0.4749 0.8595
vn -0.6702 0.4334 0.6025
vn -0.8371 0.3076 0.4524
vn -0.9068 0.1804 0.3811
vn -0.9727 0.0478 0.2271
vn 0.6889 0.1840 0.7011
vn 0.9999 0.0059 0.0090
vn 1.0000 0.0062 0.0014
vn 1.0000 0.0062 0.0000
vn 0.9934 0.1147 0.0000
vn 0.4355 0.4146 0.7990
vn 0.7390 0.1701 0.6519
vn 0.9991 0.0123 0.0400
vn 0.9999 0.0058 0.0137
vn 0.1287 0.4568 0.8802
vn -0.8367 0.3851 0.3893
vn -0.9701 0.0996 0.2215
vn -0.9881 0.0486 0.1460
vn -0.9939 0.0157 0.1090
vn 1.0000 -0.0000 0.0027
vn 1.0000 0.0000 0.0038
vn 1.0000 0.0000 0.0019
vn -0.9427 0.0078 -0.3336
vn -0.9413 0.0081 -0.3375
vn -0.9443 0.0048 -0.3291
vn -0.9457 0.0056 -0.3250
vn -0.8706 0.4392 0.2216
vn -0.8823 0.3901 0.2633
vn -0.9881 0.1016 0.1159
vn -0.8465 0.3700 0.3828
vn -0.9984 0.0037 0.0570
vn -0.9991 -0.0001 0.0422
vn -0.9991 -0.0001 0.0420
vn -0.9310 -0.0003 -0.3649
vn -0.9415 -0.0002 -0.3369
vn -0.9506 0.0002 -0.3104
vn -0.9508 0.0002 -0.3099
vn -0.9508 0.0001 -0.3100
vn -0.9850 0.1111 0.1319
vn -0.9361 0.3361 0.1042
vn -0.9993 0.0274 0.0251
vn -0.9379 -0.0005 -0.3470
vn -0.9508 0.0001 -0.3099
vn -0.9664 0.0006 -0.2570
vn -0.9996 0.0002 0.0290
vn -0.9998 0.0004 0.0188
vn -0.9997 0.0003 0.0249
vn -0.9994 0.0000 0.0343
vn -0.9995 -0.0000 0.0318
vn -0.9999 0.0009 0.0120
vn -1.0000 0.0010 0.0046
vn -1.0000 0.0009 0.0090
vn -0.9999 0.0005 0.0150
vn -1.0000 0.0018 -0.0059
vn -0.9999 0.0019 -0.0111
vn -0.9999 0.0065 -0.0124
vn -1.0000 0.0015 -0.0060
vn -1.0000 0.0010 0.0015
vn -0.9623 -0.0001 -0.2721
vn -0.9849 0.0009 -0.1734
vn -0.9707 0.0002 -0.2403
vn -0.9820 0.0002 -0.1886
vn -0.9987 0.0006 -0.0515
vn -0.9995 0.0006 -0.0330
vn -0.9875 0.0010 -0.1578
vn -0.9873 0.0009 -0.1591
vn -0.9878 0.0011 -0.1556
vn -0.9880 0.0011 -0.1542
vn -0.9902 0.0167 -0.1390
vn -0.9973 0.0002 -0.0741
vn -0.9972 0.0001 -0.0753
vn -0.9972 0.0002 -0.0744
vn -0.9894 0.0009 -0.1449
vn -0.9934 0.0026 -0.1147
vn -0.9971 0.0001 -0.0759
vn -0.9919 0.0001 -0.1266
vn 0.0023 1.0000 0.0000
vn 0.0019 1.0000 -0.0000
vn -0.0005 1.0000 -0.0001
vn -0.0005 1.0000 -0.0000
vn -0.0008 1.0000 -0.0000
vn 0.1967 0.0042 -0.9805
vn 0.0032 1.0000 0.0000
vn 0.7382 0.6745 0.0000
vn 0.7828 0.6221 -0.0109
vn 0.8225 0.5677 -0.0346
vn -0.9472 0.0015 -0.3208
vn -0.9470 0.0014 -0.3212
vn -0.9477 0.0025 -0.3191
vn -0.9478 0.0028 -0.3189
vn -0.9844 -0.0115 -0.1754
vn -0.9843 -0.0110 -0.1763
vn -0.9832 -0.0069 -0.1822
vn -0.9832 -0.0064 -0.1826
vn -0.9995 0.0296 0.0138
vn -0.6958 0.7178 0.0261
vn 0.0000 -0.3058 -0.9521
vn 0.9989 0.0000 -0.0467
vn 0.0000 -0.9990 -0.0439
vn 0.4966 0.8675 0.0273
vn 0.6529 0.7571 0.0253
vn -0.9988 0.0108 -0.0485
vn -0.9988 0.0109 -0.0473
vn -0.9992 0.0064 -0.0405
vn -0.9992 0.0054 -0.0388
vn -0.9999 0.0006 0.0109
vn -0.9416 0.3071 0.1384
vn -0.5121 0.8086 0.2898
vn -0.2690 0.9625 0.0334
vn -0.4619 -0.6600 -0.5925
vn -0.2385 -0.9711 -0.0065
vn -0.1256 -0.9917 -0.0288
vn 0.4221 0.9061 0.0286
vn 0.2872 0.9545 0.0802
vn 0.5774 0.8121 0.0844
vn 0.8666 0.4016 0.2963
vn 0.5434 0.8322 0.1101
vn -0.9833 0.0305 -0.1794
vn -0.9842 -0.1769 0.0100
vn -0.9803 -0.1975 0.0102
vn -0.5451 0.7878 0.2868
vn 0.0345 0.9919 0.1225
vn -0.2085 0.9754 0.0711
vn 0.0475 0.9545 0.2945
vn -0.7813 0.1983 0.5918
vn -0.9000 0.2148 0.3794
vn -0.0075 0.9996 0.0274
vn -0.5565 -0.8050 -0.2058
vn -0.9332 -0.1850 -0.3080
vn -0.9144 -0.2534 -0.3156
vn -0.3057 -0.9521 0.0097
vn 0.1643 0.3916 0.9054
vn 0.3588 0.9055 0.2265
vn 0.3018 0.9213 0.2453
vn -0.9407 -0.3167 -0.1212
vn -0.9958 -0.0876 -0.0284
vn -0.8182 -0.5722 0.0565
vn -0.7850 -0.6194 0.0098
vn -0.9570 -0.2735 0.0962
vn 0.0326 0.9549 0.2951
vn 0.1341 0.9493 0.2845
vn -0.9810 0.0967 0.1679
vn -0.9045 0.1179 0.4097
vn -0.5233 -0.8520 -0.0143
vn -0.5214 -0.8449 -0.1194
vn -0.4640 -0.8857 0.0164
vn -0.5344 -0.8451 0.0098
vn -0.0539 0.6691 0.7412
vn 0.1373 0.3448 0.9286
vn -0.3207 0.5062 0.8005
vn -0.6075 -0.7943 0.0071
vn -0.5654 -0.8248 0.0080
vn -0.5601 -0.8270 0.0480
vn -0.6194 -0.7764 0.1163
vn -0.5947 -0.7866 -0.1659
vn -0.3607 -0.9325 0.0175
vn -0.3884 -0.9212 0.0203
vn -0.3807 -0.9243 0.0256
vn -0.3871 -0.9218 0.0212
vn -0.4097 -0.9120 0.0198
vn 0.0520 0.3089 0.9497
vn -0.5851 -0.8106 -0.0242
vn -0.5034 -0.8575 0.1063
vn -0.5624 0.0822 0.8228
vn -0.6452 -0.5968 0.4770
vn -0.6880 -0.1773 0.7037
vn -0.4132 -0.8855 0.2124
vn -0.2085 -0.0529 0.9766
vn -0.2174 -0.7317 0.6460
vn -0.5750 -0.8114 -0.1044
vn -0.6141 -0.7851 -0.0806
vn -0.5689 -0.8221 -0.0240
vn -0.5527 -0.8325 -0.0376
vn -0.5557 -0.8258 -0.0961
vn -0.0400 -0.9988 0.0266
vn -0.3784 -0.9252 0.0271
vn -0.3814 -0.9209 0.0804
vn -0.2444 -0.5384 0.8065
vn -0.1890 -0.4749 0.8595
vn -0.3574 -0.9243 0.1341
vn -0.2847 -0.9581 0.0318
vn 0.0423 -0.0002 -0.9991
vn 0.0000 0.0015 -1.0000
vn 0.0000 0.0029 -1.0000
vn 0.8946 -0.0066 -0.4469
vn 0.6993 -0.0209 -0.7145
vn 0.0000 -0.0743 -0.9972
vn -0.0416 -0.0001 -0.9991
vn -0.7472 -0.0018 -0.6646
vn -0.7492 -0.0006 -0.6623
vn -0.7503 0.0000 -0.6611
vn 1.0000 -0.0006 0.0014
vn 1.0000 -0.0008 -0.0009
vn 1.0000 -0.0002 0.0000
vn 0.9729 -0.0036 -0.2312
vn 1.0000 -0.0040 0.0000
vn 1.0000 -0.0029 -0.0001
vn -0.6742 -0.0196 -0.7383
vn -0.6969 -0.0183 -0.7169
vn -0.7092 -0.0152 -0.7049
vn -0.7461 -0.0023 -0.6658
vn 0.0000 0.0007 1.0000
vn 0.0000 -0.2129 0.9771
vn -0.7600 -0.0024 -0.6499
vn -0.7715 -0.0000 -0.6363
vn -0.7811 0.0009 -0.6245
vn -0.7829 0.0024 -0.6221
vn -0.7835 0.0029 -0.6214
vn -0.7885 -0.0542 0.6127
vn -0.7821 -0.0148 -0.6230
vn -0.7825 -0.0159 -0.6224
vn -0.7797 -0.0042 -0.6261
vn -0.7797 -0.0075 -0.6262
vn -0.7806 0.0005 -0.6251
vn -0.8796 -0.0032 0.4757
vn -0.8799 0.0005 0.4751
vn -0.8796 -0.0072 0.4757
vn -0.8906 -0.0041 0.4549
vn -0.8899 -0.0040 0.4562
vn -0.8908 -0.0040 0.4544
vn -0.8862 -0.0004 0.4633
vn -0.7828 -0.0005 -0.6223
vn -0.7897 0.0003 -0.6135
vn -0.8028 -0.0008 -0.5962
vn -0.8120 -0.0011 -0.5837
vn -0.8122 -0.0010 -0.5833
vn -0.8119 -0.0010 -0.5838
vn -0.8118 -0.0011 -0.5839
vn -0.8364 0.0063 -0.5481
vn -0.8744 0.0035 0.4852
vn -0.8796 0.0007 0.4757
vn -0.8853 0.0009 0.4651
vn -0.8499 -0.0007 -0.5270
vn -0.8514 -0.0007 -0.5246
vn -0.8506 0.0036 -0.5258
vn -0.8503 -0.0011 -0.5262
vn -0.8878 0.0043 0.4601
vn -0.8913 0.0015 0.4534
vn -0.8884 0.0045 0.4590
vn -0.8921 0.0006 0.4519
vn -1.0000 0.0025 0.0025
vn -1.0000 0.0030 0.0030
vn -1.0000 0.0011 0.0008
vn -1.0000 -0.0034 0.0009
vn -1.0000 0.0006 -0.0002
vn -1.0000 -0.0034 0.0000
vn -0.9949 -0.0040 0.1011
vn -0.9367 -0.0137 0.3497
vn -0.8512 -0.0013 -0.5249
vn -0.8618 0.0044 -0.5073
vn -0.9094 -0.0034 -0.4158
vn -0.8674 0.0016 -0.4976
vn -0.8673 0.0016 -0.4978
vn -0.8676 0.0017 -0.4972
vn -1.0000 0.0007 -0.0003
vn -0.9391 0.0004 -0.3436
vn -0.9390 0.0006 -0.3438
vn -0.9382 0.0005 -0.3460
vn -0.9378 0.0005 -0.3471
vn -0.9185 -0.0016 -0.3953
vn -0.9175 -0.0009 -0.3976
vn -0.9197 -0.0024 -0.3926
vn -0.8700 0.0017 -0.4930
vn -0.8714 0.0017 -0.4907
vn -0.9161 0.0011 -0.4010
vn -0.9150 0.0017 -0.4034
vn -0.8757 -0.0055 -0.4828
vn -0.8847 0.0003 -0.4661
vn -0.8966 -0.0007 -0.4428
vn -0.9139 0.0023 -0.4060
vn -0.9036 -0.0008 -0.4284
vn -0.9006 0.0003 -0.4347
vn -0.9017 -0.0001 -0.4323
vn -0.9047 -0.0011 -0.4261
vn 0.9158 0.0377 -0.3998
vn 0.8764 0.1159 -0.4674
vn 0.8510 0.1685 -0.4974
vn 0.7719 0.3219 -0.5482
vn 0.7168 0.4127 -0.5620
vn 0.6444 0.5151 -0.5652
vn 0.5916 0.5810 -0.5590
vn -0.4310 0.9024 0.0000
vn 0.9660 0.0068 -0.2585
vn 0.8802 0.0022 -0.4745
vn 0.8793 0.0024 -0.4763
vn 0.8821 0.0018 -0.4711
vn 0.8824 0.0018 -0.4706
vn 0.8606 0.0005 -0.5094
vn 0.8633 0.0013 -0.5046
vn 0.8623 0.0010 -0.5064
vn 0.8174 0.0004 -0.5761
vn 0.8161 0.0006 -0.5780
vn 0.8153 0.0008 -0.5791
vn 0.7860 -0.0009 -0.6182
vn 0.7868 -0.0007 -0.6172
vn 0.7867 -0.0008 -0.6174
vn 0.7314 -0.0016 -0.6820
vn 0.7285 -0.0016 -0.6851
vn 0.7269 -0.0016 -0.6868
vn 0.7070 -0.0075 -0.7072
vn 0.0000 0.7927 0.6097
vn 0.6374 0.4575 0.6200
vn 0.8247 0.3961 0.4036
vn 0.8669 0.4001 0.2973
vn 0.9423 0.0007 -0.3348
vn 0.9426 0.0007 -0.3340
vn 0.9423 0.0007 -0.3346
vn 0.9415 0.0007 -0.3369
vn 0.9416 0.0007 -0.3368
vn 0.9169 -0.0005 -0.3992
vn 0.9170 -0.0006 -0.3988
vn 0.9167 -0.0004 -0.3996
vn 0.9164 -0.0003 -0.4003
vn 0.7859 -0.0008 -0.6184
vn 0.7516 0.0007 -0.6596
vn 0.7331 -0.0016 -0.6801
vn 0.6936 -0.1938 -0.6938
vn -0.8452 -0.5344 0.0000
vn -0.8451 -0.5346 -0.0001
vn -0.8448 -0.5350 0.0042
vn -0.4408 0.0000 0.8976
vn -0.1573 0.0987 0.9826
vn 0.0000 0.1503 0.9886
vn 0.2618 0.1690 0.9502
vn 0.6785 0.1739 0.7137
vn 0.6940 0.2662 0.6689
vn 0.6541 0.4258 0.6252
vn 0.8876 0.2766 0.3682
vn 0.9773 -0.2101 -0.0288
vn 0.8845 0.3855 0.2627
vn 0.9699 0.0011 -0.2434
vn 0.7233 -0.1630 -0.6710
vn 0.7818 -0.1021 -0.6151
vn 0.8163 -0.0694 -0.5734
vn 0.8592 -0.0323 -0.5107
vn 0.8984 -0.0078 -0.4390
vn 0.8595 0.0001 -0.5111
vn 0.8180 0.0002 -0.5752
vn -0.8448 -0.5350 0.0052
vn -0.7411 -0.1916 0.6435
vn -0.6768 -0.1100 0.7279
vn 0.7138 0.1649 0.6807
vn 0.8830 0.1825 0.4324
vn 0.8931 0.1041 0.4376
vn 0.9613 0.1693 0.2174
vn 0.9992 0.0290 0.0257
vn 0.9489 0.3027 0.0890
vn 0.8835 0.4266 0.1933
vn 0.9648 -0.0004 -0.2631
vn 0.9991 0.0000 0.0421
vn 0.9991 0.0000 0.0420
vn 0.9993 0.0000 0.0383
vn 0.9985 0.0041 0.0541
vn 0.9921 0.0204 0.1240
vn 0.9995 0.0000 0.0314
vn 0.9995 0.0001 0.0306
vn 0.9798 0.0009 -0.2002
vn 0.9804 0.0011 -0.1971
vn 0.9802 0.0010 -0.1981
vn 0.9795 0.0009 -0.2014
vn 0.9999 0.0004 0.0144
vn 0.9999 0.0004 0.0143
vn 0.9999 0.0009 -0.0126
vn 0.9995 -0.0001 -0.0329
vn 0.9976 0.0006 -0.0694
vn 0.9919 0.0453 -0.1186
vn 0.9883 0.0011 -0.1523
vn 0.9887 0.0010 -0.1496
vn 0.9885 0.0011 -0.1513
vn 0.9889 0.0009 -0.1485
vn 0.9950 -0.0004 -0.0998
vn -0.0644 0.9979 -0.0021
vn -0.5353 -0.8438 0.0372
vn 0.0002 0.9660 0.2584
vn 0.0013 0.9780 0.2084
vn -0.9533 0.2916 0.0780
vn 0.9314 0.3561 0.0759
vn 0.0369 0.9993 -0.0047
vn 0.0001 1.0000 -0.0066
vn 0.0002 1.0000 -0.0067
vn -0.0004 1.0000 -0.0064
vn -0.0231 0.9997 -0.0052
vn -0.4502 -0.8928 -0.0145
vn -0.9965 -0.0025 0.0830
vn 0.9960 -0.0329 0.0831
vn 0.0418 0.9977 -0.0542
vn 0.0093 0.9996 -0.0253
vn 0.0006 0.9999 -0.0152
vn 0.0007 0.9999 -0.0154
vn -0.0028 0.9998 -0.0199
vn -0.0040 0.9998 -0.0205
vn -0.0052 0.9997 -0.0221
vn -0.0256 0.9988 -0.0427
vn -0.1566 0.9774 -0.1422
vn -0.4621 -0.8863 0.0297
vn -0.4123 -0.9106 -0.0289
vn -0.1461 -0.9874 0.0602
vn -0.0101 -0.0300 0.9995
vn 0.0003 0.1002 0.9950
vn 0.0616 -0.3676 0.9279
vn 0.4923 -0.8698 0.0320
vn 0.6441 -0.7605 -0.0824
vn 0.5205 -0.7861 -0.3335
vn 0.2107 -0.7937 -0.5706
vn -0.4380 -0.8061 -0.3979
vn -0.3342 -0.9423 0.0221
vn -0.1073 -0.9891 0.1011
vn -0.0191 -0.3006 0.9536
vn 0.0562 -0.3429 0.9377
vn 0.4969 -0.8674 -0.0267
vn -0.3174 -0.7867 -0.5294
vn -0.4523 -0.8861 -0.1016
vn 0.3609 -0.8063 -0.4687
vn -0.0940 -0.7892 -0.6068
vn -0.3180 -0.8335 -0.4519
vn -0.1421 -0.9898 0.0045
vn -0.1367 -0.9906 0.0041
vn -0.1403 -0.9901 0.0044
vn -0.1110 -0.9935 0.0240
vn -0.1104 -0.9936 0.0229
vn -0.1091 -0.9938 0.0208
vn 0.0005 -0.7654 0.6436
vn 0.0005 -0.7874 0.6165
vn 0.0867 -0.9957 0.0328
vn 0.0933 -0.9949 0.0387
vn 0.0948 -0.9947 0.0401
vn 0.3804 -0.9245 0.0254
vn 0.4192 -0.8928 -0.1648
vn 0.1568 -0.8288 -0.5372
vn 0.0604 -0.7703 -0.6348
vn -0.3534 -0.9217 -0.1597
vn -0.4690 -0.8242 -0.3174
vn -0.1122 -0.8324 -0.5428
vn -0.1054 -0.9943 0.0143
vn -0.3973 -0.9074 -0.1366
vn -0.0347 -0.9989 0.0329
vn 0.0208 -0.9989 0.0430
vn 0.2477 -0.9687 0.0152
vn 0.1804 -0.9836 -0.0013
vn 0.3433 -0.8743 -0.3432
vn -0.1361 -0.9907 0.0042
vn -0.0703 -0.9971 0.0276
vn -0.0713 -0.9971 0.0269
vn -0.0679 -0.9973 0.0291
vn -0.0129 -0.9995 0.0285
vn -0.0165 -0.9997 0.0185
vn -0.0133 -0.9995 0.0273
vn 0.0861 -0.9958 0.0322
vn 0.1018 -0.9947 0.0164
vn 0.1068 -0.9941 0.0190
vn 0.1090 -0.9938 0.0202
vn 0.3145 -0.9491 0.0175
vn 0.1431 -0.9897 -0.0057
vn 0.0819 -0.9656 -0.2467
vn -0.0573 -0.9407 -0.3342
vn -0.1394 -0.9881 -0.0650
vn -0.0669 -0.9973 0.0297
vn 0.0022 -0.9995 0.0312
vn 0.0483 -0.9816 -0.1849
vn -0.0860 -0.9946 -0.0590
vn 0.0610 -0.9977 0.0284
vn 0.1231 -0.9924 0.0038
vn 0.1166 -0.9932 0.0017
vn 0.1208 -0.9927 0.0030
vn 0.1638 -0.9865 -0.0074
vn 0.2468 -0.9441 -0.2183
vn 0.1508 -0.9808 -0.1238
vn -0.2600 -0.0464 -0.9645
vn -0.1235 -0.9923 0.0018
vn 0.0439 -0.9989 0.0175
vn 0.0440 -0.9989 0.0181
vn 0.0439 -0.9989 0.0177
vn 0.0996 -0.9949 0.0152
vn -0.0860 -0.9963 -0.0004
vn -0.0933 -0.9956 -0.0010
vn -0.0941 -0.9956 -0.0010
vn 0.1145 -0.9934 0.0009
vn 0.0679 -0.9977 0.0010
vn 0.0780 -0.9970 -0.0001
vn 0.0744 -0.9972 0.0003
vn 0.0209 -0.9998 0.0001
vn 0.0178 -0.9998 0.0022
vn 0.0130 -0.9999 0.0011
vn -0.0828 -0.9966 -0.0002
vn -0.0357 -0.9994 -0.0003
vn -0.0378 -0.9993 -0.0001
vn -0.0374 -0.9993 -0.0001
vn -0.0348 -0.9994 -0.0004
vn -0.0472 -0.9988 0.0112
vn -0.0501 -0.9987 0.0113
vn -0.0553 -0.9984 0.0137
vn 0.0651 -0.9978 0.0129
vn 0.0644 -0.9979 0.0013
vn 0.0442 -0.9988 0.0189
vn -0.0556 -0.9984 0.0089
vn -0.0556 -0.9984 0.0093
vn 0.0098 -0.9999 0.0115
vn 0.0101 -0.9999 0.0119
vn -0.0170 -0.9997 0.0175
vn 0.9993 0.0327 -0.0154
vn 0.9994 0.0310 -0.0156
vn 0.9994 0.0317 -0.0163
vn 0.9992 0.0387 -0.0138
vn 0.9641 0.0107 -0.2653
vn 0.9294 0.1029 -0.3544
vn 0.7057 0.3491 -0.6165
vn 0.5462 0.8151 -0.1929
vn 0.5335 0.8286 -0.1695
vn -0.0000 0.7518 0.6594
vn 0.0028 0.7575 0.6528
vn 0.0021 0.7560 0.6546
vn 0.0000 0.7514 0.6599
vn 0.9410 0.1428 -0.3068
vn 0.7799 0.2914 -0.5539
vn 0.9992 -0.0399 -0.0038
vn 0.9868 -0.0694 -0.1462
vn 0.2622 -0.0235 0.9647
vn 0.3538 0.1740 -0.9190
vn 0.3102 0.1539 -0.9381
vn -0.5461 0.8158 -0.1907
vn -0.5474 0.8149 -0.1907
vn -0.5476 0.8147 -0.1908
vn -0.7066 0.3493 -0.6153
vn -0.7790 0.2931 -0.5543
vn -0.9289 0.1605 -0.3337
vn -0.9501 0.1352 -0.2812
vn -0.9992 0.0387 -0.0100
vn -0.9993 0.0353 -0.0106
vn -0.9993 0.0358 -0.0107
vn 0.9599 -0.0660 -0.2724
vn 0.8642 -0.1484 -0.4808
vn 0.9019 -0.0766 -0.4250
vn -0.0000 -0.0186 0.9998
vn 0.7696 -0.5268 -0.3608
vn 0.8140 -0.4628 -0.3510
vn 0.7901 -0.3468 -0.5055
vn 0.3545 -0.2064 -0.9120
vn 0.2134 -0.0740 -0.9742
vn 0.2944 -0.0226 -0.9554
vn 0.0063 0.0098 -0.9999
vn 0.3936 0.1355 -0.9092
vn -0.0001 0.4134 -0.9105
vn -0.0001 0.4131 -0.9107
vn -0.0000 0.4141 -0.9102
vn 0.0000 0.4148 -0.9099
vn 0.0023 0.0003 -1.0000
vn 0.0037 0.0006 -1.0000
vn 0.0027 0.0004 -1.0000
vn 0.0000 -0.0001 -1.0000
vn 0.0001 -0.0001 -1.0000
vn -0.0001 0.0001 -1.0000
vn -0.0000 0.7291 -0.6844
vn 0.0000 0.7292 -0.6843
vn 0.0000 0.9631 -0.2691
vn 0.0212 0.9914 -0.1290
vn -0.0013 1.0000 0.0078
vn -0.5480 0.8145 -0.1906
vn -0.3098 0.1521 -0.9386
vn -0.9993 0.0352 -0.0110
vn 0.1571 -0.9518 -0.2634
vn 0.1254 -0.9255 -0.3573
vn -0.2599 -0.0234 0.9654
vn -0.0000 -0.0758 -0.9971
vn 0.0000 -0.0762 -0.9971
vn 0.1604 -0.0008 -0.9870
vn -0.0230 0.9928 -0.1178
vn -0.2931 0.0970 -0.9511
vn -0.4168 0.0720 -0.9061
vn -0.3492 0.0183 -0.9369
vn -0.9612 0.0145 -0.2755
vn -0.9612 0.0143 -0.2756
vn -0.9612 0.0143 -0.2757
vn 0.1559 -0.5180 -0.8411
vn 0.2949 -0.2327 -0.9268
vn 0.0030 -0.9997 -0.0254
vn -0.0011 -0.9998 -0.0206
vn 0.0012 -0.9997 -0.0244
vn 0.0038 -0.9996 -0.0275
vn 0.0214 -0.9979 -0.0609
vn -0.9992 -0.0394 -0.0018
vn -0.9866 -0.0696 -0.1473
vn -0.9704 -0.1487 -0.1902
vn -0.4494 -0.8304 -0.3293
vn 0.1255 -0.8394 -0.5288
vn 0.0902 -0.7554 -0.6490
vn 0.0544 -0.5339 -0.8438
vn -0.0000 -0.2435 -0.9699
vn -0.0007 -0.2237 -0.9747
vn -0.1930 -0.0748 -0.9783
vn -0.1634 0.0736 -0.9838
vn -0.9611 0.0141 -0.2758
vn -0.0126 -0.9989 -0.0450
vn -0.0014 -0.9998 -0.0215
vn -0.0306 -0.4699 -0.8822
vn -0.0001 -0.3700 -0.9290
vn -0.7969 -0.2638 -0.5435
vn -0.9593 -0.0660 -0.2746
vn -0.9039 -0.0764 -0.4209
vn -0.7802 -0.3306 -0.5310
vn -0.7934 -0.3734 -0.4807
vn -0.5044 -0.7234 -0.4714
vn -0.1391 -0.9558 -0.2590
vn -0.2279 -0.2178 -0.9490
vn -0.3004 -0.0231 -0.9535
vn -0.2184 -0.0137 -0.9758
vn -0.1211 -0.8929 -0.4337
vn -0.1249 -0.8396 -0.5287
vn -0.0542 -0.5565 -0.8291
vn -0.0565 -0.5720 -0.8183
vn -0.4958 -0.3048 -0.8132
usemtl Default_OBJ
s 1
f 1//1 2//2 3//2
f 1//1 3//2 4//3
f 3//4 2//4 5//4
f 3//4 5//4 6//4
f 3//4 6//4 7//4
f 3//4 7//4 8//4
f 3//4 8//4 9//4
f 3//4 9//4 10//4
f 3//4 10//4 11//4
f 3//4 11//4 12//4
f 3//4 12//4 13//4
f 4//5 3//5 14//5
f 3//6 13//6 14//6
f 14//7 15//7 4//7
f 13//8 12//9 16//10
f 13//11 16//11 17//11
f 13//12 17//12 14//12
f 15//13 14//13 18//13
f 4//14 19//14 1//14
f 4//15 15//15 19//15
f 16//16 20//16 21//16
f 16//17 22//17 20//17
f 16//18 21//18 17//18
f 14//19 17//19 18//19
f 1//20 19//20 23//20
f 12//21 24//21 25//21
f 12//9 25//22 16//10
f 16//23 25//23 26//23
f 16//24 26//24 22//24
f 21//25 18//25 17//25
f 18//26 27//26 15//26
f 1//27 5//27 2//27
f 12//28 11//28 24//28
f 11//29 28//29 24//29
f 24//30 28//30 29//30
f 24//31 29//31 30//31
f 24//32 30//32 25//32
f 25//33 30//33 31//33
f 15//34 27//34 19//34
f 25//35 31//35 26//35
f 22//36 32//36 20//36
f 23//37 5//37 1//37
f 11//38 10//38 33//38
f 11//39 33//39 28//39
f 28//40 33//40 29//40
f 21//41 20//41 34//41
f 20//42 32//42 34//42
f 21//43 27//43 18//43
f 35//44 19//45 27//46
f 29//47 33//47 36//47
f 31//48 30//48 37//48
f 22//49 38//49 32//49
f 38//50 39//50 32//50
f 21//51 34//51 27//51
f 19//52 40//52 23//52
f 30//53 29//53 36//53
f 26//54 38//54 22//54
f 19//45 35//44 40//55
f 23//56 6//56 5//56
f 10//57 41//57 33//57
f 36//58 33//58 42//58
f 30//59 36//59 37//59
f 31//60 37//60 43//60
f 31//61 43//61 26//61
f 38//62 44//62 39//62
f 32//63 45//63 34//63
f 27//64 34//64 35//64
f 23//65 40//65 6//65
f 6//66 40//66 46//66
f 26//67 43//67 38//67
f 32//68 39//68 45//68
f 35//69 47//69 40//69
f 40//70 47//70 46//70
f 42//71 48//71 36//71
f 42//72 33//72 41//72
f 44//73 38//73 43//73
f 34//74 45//75 35//76
f 10//77 9//77 41//77
f 37//78 36//78 49//78
f 37//79 49//79 43//79
f 36//80 48//80 49//80
f 49//81 50//81 43//81
f 39//82 44//82 51//82
f 44//83 43//83 50//83
f 9//84 42//84 41//84
f 39//85 46//85 45//85
f 6//86 46//87 7//88
f 47//89 45//89 46//89
f 46//87 51//90 7//88
f 42//91 52//91 48//91
f 42//92 9//93 8//94
f 42//92 8//94 52//95
f 39//96 51//96 46//96
f 44//97 50//97 51//97
f 45//75 47//98 35//76
f 52//99 49//99 48//99
f 8//100 7//101 52//102
f 50//103 49//103 51//103
f 52//102 7//101 51//104
f 52//105 51//105 49//105
f 53//106 54//106 55//106
f 53//107 55//107 56//107
f 57//108 58//108 59//108
f 57//109 59//109 54//109
f 54//110 59//110 60//110
f 56//111 55//111 61//111
f 53//112 56//112 62//112
f 54//113 53//113 57//113
f 57//114 53//114 62//114
f 57//115 63//115 58//115
f 58//4 63//4 62//4
f 58//4 62//4 64//4
f 58//4 64//4 65//4
f 58//4 65//4 66//4
f 58//116 66//116 67//116
f 58//117 67//117 68//117
f 58//118 68//118 59//118
f 56//119 61//119 69//119
f 56//120 69//121 70//122
f 56//120 70//122 71//123
f 55//124 54//124 60//124
f 56//125 71//125 62//125
f 62//126 71//127 64//128
f 62//129 63//129 57//129
f 66//130 72//130 73//130
f 66//131 73//131 67//131
f 66//132 74//132 72//132
f 59//133 68//134 67//135
f 59//133 67//135 73//136
f 59//133 73//136 72//137
f 59//133 72//137 75//138
f 59//133 75//138 76//139
f 59//140 76//140 60//140
f 60//141 76//141 77//141
f 70//142 69//142 78//142
f 55//143 60//143 61//143
f 71//144 70//145 79//146
f 71//127 80//147 64//128
f 71//144 79//146 80//148
f 64//149 74//149 65//149
f 64//150 80//150 81//150
f 64//151 81//151 82//151
f 64//152 82//152 74//152
f 74//153 66//153 65//153
f 69//154 61//154 78//154
f 61//155 77//155 83//155
f 70//156 78//156 84//156
f 70//157 84//157 85//157
f 70//158 85//158 79//158
f 74//159 86//159 72//159
f 60//160 77//160 61//160
f 61//161 83//161 78//161
f 79//162 87//163 80//164
f 80//164 87//163 81//165
f 79//166 85//166 88//166
f 79//167 88//167 87//167
f 74//168 82//168 86//168
f 76//169 89//169 77//169
f 78//170 90//170 84//170
f 85//171 91//171 92//171
f 87//172 93//172 94//172
f 87//173 94//173 81//173
f 81//174 94//174 95//174
f 95//175 82//175 81//175
f 76//176 75//176 96//176
f 83//177 89//177 90//177
f 83//178 77//178 89//178
f 78//179 83//179 90//179
f 84//180 91//180 85//180
f 91//181 97//182 98//181
f 91//181 98//181 92//183
f 87//184 88//184 93//184
f 95//185 86//185 82//185
f 88//186 85//186 99//186
f 72//187 86//187 100//187
f 86//188 101//188 100//188
f 76//189 96//189 89//189
f 90//190 91//190 84//190
f 85//191 92//191 99//191
f 75//192 102//192 96//192
f 96//193 102//193 97//193
f 90//194 96//194 91//194
f 98//195 97//195 102//195
f 93//196 100//196 94//196
f 92//197 98//197 103//197
f 99//198 93//198 88//198
f 100//199 75//199 72//199
f 75//200 103//200 102//200
f 89//201 96//201 90//201
f 91//202 96//202 97//202
f 93//203 99//203 104//203
f 93//204 104//204 100//204
f 94//205 100//205 101//205
f 94//206 101//206 95//206
f 86//207 95//207 101//207
f 92//208 103//208 99//208
f 102//209 103//209 98//209
f 100//210 104//210 75//210
f 75//211 104//211 103//211
f 99//212 103//212 104//212
f 105//213 106//213 107//213
f 105//214 108//215 109//216
f 105//217 110//217 106//217
f 107//218 111//218 112//218
f 107//219 106//219 111//219
f 108//215 113//214 114//214
f 108//215 114//214 115//214
f 108//215 116//220 117//221
f 108//215 117//221 118//222
f 108//215 118//222 119//222
f 108//215 119//222 109//216
f 108//215 105//214 120//214
f 108//215 120//214 113//214
f 109//216 121//223 122//224
f 109//216 122//224 123//214
f 109//216 123//214 110//214
f 109//216 110//214 105//214
f 113//225 124//225 114//225
f 115//226 114//226 125//226
f 115//227 126//227 108//227
f 109//216 127//228 128//229
f 109//216 128//229 121//223
f 121//223 129//230 122//224
f 122//231 130//231 123//231
f 123//232 130//232 131//232
f 123//233 106//234 110//235
f 112//236 111//236 132//236
f 106//237 131//237 111//237
f 112//238 133//238 107//238
f 115//239 134//239 126//239
f 115//240 125//240 134//240
f 126//241 134//241 108//241
f 108//242 134//242 135//242
f 105//243 107//243 120//243
f 120//244 133//244 113//244
f 109//245 136//245 127//245
f 127//246 136//247 137//248
f 127//249 137//249 128//249
f 128//250 137//250 121//250
f 121//251 137//251 130//251
f 121//252 130//252 129//252
f 129//253 130//253 122//253
f 130//254 137//254 138//254
f 130//254 138//254 139//254
f 130//254 139//254 140//254
f 130//254 140//254 132//254
f 130//254 132//254 141//254
f 130//255 141//255 131//255
f 123//233 131//256 106//234
f 131//257 132//257 111//257
f 107//258 133//258 120//258
f 108//259 135//259 142//259
f 113//260 133//260 124//260
f 109//261 143//261 136//261
f 136//247 138//262 137//248
f 124//263 125//263 114//263
f 142//264 116//264 108//264
f 124//265 133//265 144//265
f 109//266 145//266 143//266
f 112//267 146//268 144//269
f 124//270 144//270 125//270
f 109//271 119//271 145//271
f 143//272 147//272 136//272
f 131//273 141//273 132//273
f 112//267 132//274 146//268
f 133//275 112//275 144//275
f 125//276 148//277 134//278
f 134//279 149//279 135//279
f 145//280 150//280 143//280
f 136//281 147//281 139//281
f 136//282 139//282 138//282
f 132//283 140//283 146//283
f 135//284 151//284 142//284
f 143//285 150//285 147//285
f 146//286 148//286 144//286
f 134//278 148//277 146//287
f 134//288 146//288 149//288
f 150//289 139//289 147//289
f 144//290 148//290 125//290
f 142//291 152//291 116//291
f 139//292 150//292 153//292
f 135//293 149//293 151//293
f 152//294 142//294 153//294
f 150//295 154//295 153//295
f 155//296 154//296 150//296
f 155//297 150//297 145//297
f 142//298 151//298 153//298
f 152//299 117//299 116//299
f 145//300 119//300 155//300
f 139//301 153//302 140//303
f 155//304 119//304 118//304
f 154//305 155//305 156//305
f 154//306 156//306 153//306
f 146//307 140//303 153//302
f 146//308 153//308 149//308
f 118//309 156//309 155//309
f 156//310 152//310 153//310
f 151//311 149//311 153//311
f 118//312 117//312 156//312
f 156//313 117//313 152//313
f 157//314 158//314 159//314
f 157//315 159//315 160//315
f 157//316 160//316 161//316
f 159//317 158//318 162//90
f 158//318 163//319 162//90
f 161//320 164//214 165//214
f 161//320 165//214 166//214
f 161//320 166//214 167//214
f 161//320 167//214 168//214
f 161//320 168//214 169//214
f 161//320 169//214 170//214
f 161//320 170//214 171//214
f 161//320 171//214 172//214
f 161//320 172//214 173//214
f 161//320 173//214 174//320
f 161//320 174//320 175//321
f 161//322 175//322 176//322
f 161//323 176//323 157//323
f 159//324 161//324 160//324
f 162//90 177//317 159//317
f 162//90 163//319 178//325
f 162//90 178//325 179//326
f 162//90 179//326 180//327
f 162//90 180//327 181//328
f 158//329 157//329 182//329
f 163//319 183//317 184//330
f 163//319 184//330 185//330
f 163//319 185//330 178//325
f 174//331 186//331 187//331
f 175//332 188//332 176//332
f 162//333 189//333 166//334
f 162//335 190//335 191//335
f 162//336 191//336 189//336
f 162//337 165//337 177//337
f 177//338 165//338 164//338
f 158//339 182//339 163//339
f 163//340 182//340 192//340
f 183//341 193//341 184//341
f 184//342 188//342 185//342
f 184//343 193//343 188//343
f 185//330 194//344 178//325
f 187//345 195//345 174//345
f 187//346 178//346 195//346
f 174//347 195//348 175//349
f 176//350 182//350 157//350
f 175//351 196//351 188//351
f 161//352 159//352 164//352
f 162//353 181//353 190//353
f 189//354 191//354 167//354
f 189//333 167//355 166//334
f 162//356 166//356 165//356
f 190//357 168//357 191//357
f 177//358 164//358 159//358
f 192//359 176//359 183//359
f 192//360 183//360 163//360
f 183//361 176//361 193//361
f 185//362 197//362 194//362
f 194//363 197//363 198//363
f 194//364 198//364 199//364
f 178//325 194//344 200//365
f 178//325 200//365 201//366
f 178//325 201//366 202//367
f 187//368 186//368 178//368
f 175//369 199//369 203//369
f 175//370 203//370 196//370
f 190//371 169//371 168//371
f 167//372 191//372 168//372
f 193//373 176//373 188//373
f 185//374 188//374 196//374
f 185//375 196//375 197//375
f 197//376 196//376 203//376
f 197//377 203//377 198//377
f 194//378 199//378 204//378
f 194//379 204//379 200//379
f 200//380 205//380 201//380
f 201//381 206//381 202//381
f 178//382 202//382 195//382
f 195//383 202//383 207//383
f 195//348 205//384 175//349
f 175//385 205//385 199//385
f 174//386 180//386 179//386
f 174//387 179//387 186//387
f 182//388 176//388 192//388
f 181//389 171//390 208//391
f 181//392 208//392 190//392
f 198//393 203//393 199//393
f 204//394 199//394 205//394
f 200//395 204//395 205//395
f 178//368 186//368 179//368
f 202//396 206//396 207//396
f 195//397 207//397 205//397
f 181//398 172//398 171//398
f 208//391 171//390 170//399
f 208//400 170//400 169//400
f 208//401 169//401 190//401
f 201//402 205//402 206//402
f 205//403 207//403 206//403
f 174//404 173//404 180//404
f 172//405 181//406 173//407
f 180//408 173//407 181//406
f 209//409 210//410 211//411
f 209//4 211//4 212//4
f 209//4 212//4 213//4
f 209//412 213//413 214//414
f 209//412 214//414 215//415
f 209//412 215//415 210//416
f 210//417 216//417 217//417
f 211//411 210//410 218//418
f 211//419 218//420 219//421
f 211//419 219//421 220//422
f 211//419 220//422 212//423
f 210//424 215//425 221//426
f 210//424 221//426 216//427
f 214//428 213//428 212//428
f 214//429 212//429 222//429
f 214//430 222//430 221//430
f 214//431 221//431 215//431
f 216//90 221//326 223//432
f 216//90 223//432 224//317
f 216//90 224//317 225//317
f 216//90 225//317 226//317
f 216//90 226//317 227//317
f 216//90 227//317 228//317
f 216//90 228//317 229//317
f 216//90 229//317 230//317
f 210//433 217//433 218//433
f 218//434 217//434 231//434
f 218//420 231//435 219//421
f 219//421 231//435 232//436
f 212//437 233//437 222//437
f 222//438 233//438 221//438
f 216//439 231//439 217//439
f 219//421 232//436 234//440
f 219//421 234//440 235//441
f 219//421 235//441 236//442
f 219//421 236//442 237//443
f 219//421 237//443 238//444
f 220//422 239//445 240//446
f 220//422 240//446 241//447
f 220//422 241//447 242//448
f 220//422 242//448 243//449
f 220//422 243//449 212//423
f 233//450 212//450 243//450
f 223//432 221//326 244//451
f 223//432 244//451 245//451
f 223//432 245//451 246//452
f 223//432 246//452 247//453
f 223//432 247//453 248//453
f 223//432 248//453 249//454
f 223//432 249//454 250//454
f 223//432 250//454 251//455
f 223//432 251//455 252//456
f 231//457 216//457 230//457
f 232//458 231//458 230//458
f 234//459 232//459 229//459
f 235//460 234//460 228//460
f 235//461 228//462 227//463
f 235//461 227//463 236//464
f 236//465 226//466 237//467
f 238//468 237//468 225//468
f 238//469 225//469 224//469
f 238//470 224//470 219//470
f 220//471 253//471 239//471
f 241//472 246//473 242//474
f 242//475 254//475 243//475
f 233//476 243//476 244//476
f 233//477 244//477 221//477
f 244//478 254//478 245//478
f 245//479 254//479 242//479
f 246//473 245//480 242//474
f 249//481 248//482 240//483
f 249//481 240//483 239//484
f 249//485 239//485 255//485
f 249//486 255//486 250//486
f 250//487 255//487 253//487
f 250//488 253//488 251//488
f 251//489 253//489 220//489
f 251//490 220//490 256//490
f 251//491 256//492 252//493
f 252//493 256//492 257//494
f 252//495 257//495 258//495
f 252//496 258//496 223//496
f 223//497 258//497 259//497
f 223//498 259//498 260//498
f 223//499 260//499 224//499
f 219//500 224//500 260//500
f 230//501 229//501 232//501
f 234//502 229//502 228//502
f 236//503 227//503 226//503
f 226//466 225//504 237//467
f 253//505 255//505 239//505
f 240//506 248//506 247//506
f 240//507 247//507 241//507
f 243//508 254//508 244//508
f 246//509 241//509 247//509
f 256//510 220//511 219//511
f 256//510 219//511 260//510
f 256//510 260//510 259//254
f 256//510 259//254 257//254
f 258//512 257//512 259//512
f 261//4 262//4 263//4
f 261//4 263//4 264//4
f 261//4 264//4 265//4
f 261//4 265//4 266//4
f 261//513 267//513 268//513
f 261//514 266//514 267//514
f 267//326 266//451 265//326
f 267//326 265//326 269//326
f 267//326 269//326 270//317
f 267//326 270//317 271//317
f 267//326 271//317 272//317
f 267//326 272//317 273//317
f 267//326 273//317 274//317
f 267//326 274//317 275//317
f 267//326 275//317 276//317
f 267//326 276//317 277//317
f 267//326 277//317 278//317
f 268//214 279//214 280//214
f 268//214 280//214 281//214
f 268//214 281//214 282//214
f 268//214 282//214 283//214
f 268//214 283//214 284//214
f 268//214 284//214 285//214
f 268//214 285//214 286//214
f 268//214 286//214 287//214
f 268//214 287//214 288//214
f 268//214 288//214 289//214
f 268//214 289//214 290//515
f 268//214 290//515 262//214
f 265//326 291//317 292//317
f 265//326 292//317 293//317
f 265//326 293//317 294//317
f 265//326 294//317 295//317
f 265//326 295//317 296//326
f 265//326 296//326 269//326
f 267//516 278//516 268//516
f 261//517 268//517 262//517
f 265//518 264//518 291//518
f 291//519 264//519 297//519
f 291//520 297//520 292//520
f 292//521 298//521 293//521
f 293//522 298//522 299//522
f 293//523 299//524 294//523
f 294//523 299//524 300//524
f 294//525 300//525 301//525
f 294//526 301//526 295//526
f 295//527 301//527 302//527
f 295//528 302//528 296//528
f 269//326 296//326 303//529
f 269//326 303//529 304//530
f 269//326 304//530 305//530
f 269//326 305//530 306//453
f 269//326 306//453 307//454
f 269//326 307//454 308//531
f 269//326 308//531 309//532
f 292//533 297//533 298//533
f 297//534 290//515 298//535
f 300//536 299//536 301//536
f 301//537 299//537 302//537
f 302//538 299//538 310//538
f 296//539 302//540 303//541
f 303//541 302//540 310//542
f 303//543 310//543 304//543
f 304//544 310//544 305//544
f 305//545 310//545 290//545
f 305//546 289//547 306//548
f 305//546 290//549 289//547
f 307//550 306//551 289//552
f 307//553 288//553 287//553
f 307//554 287//554 308//554
f 308//555 287//555 286//555
f 309//556 286//557 285//558
f 309//556 285//558 269//559
f 290//515 310//560 299//535
f 290//515 299//535 298//535
f 290//515 297//534 263//534
f 290//515 263//534 262//214
f 289//552 288//561 307//550
f 308//562 286//562 309//562
f 268//563 278//563 279//563
f 297//564 264//564 263//564
f 285//565 284//566 270//567
f 285//565 270//567 269//568
f 279//569 311//569 280//569
f 279//570 277//570 311//570
f 278//571 277//571 279//571
f 277//572 276//572 311//572
f 311//573 276//573 275//573
f 311//574 275//574 312//574
f 311//575 312//575 280//575
f 280//576 312//576 275//576
f 280//577 275//577 274//577
f 280//578 274//578 273//578
f 280//579 273//579 281//579
f 284//580 283//580 270//580
f 283//581 271//581 270//581
f 283//582 282//582 271//582
f 273//583 272//583 281//583
f 272//584 282//584 281//584
f 282//585 272//585 271//585
f 313//586 314//587 315//588
f 313//586 315//588 316//589
f 313//590 317//590 318//590
f 314//591 313//592 319//593
f 314//594 319//594 320//594
f 314//594 320//594 321//594
f 314//595 321//596 322//597
f 314//595 322//597 323//598
f 314//595 323//598 315//599
f 313//600 316//600 317//600
f 319//601 324//601 325//601
f 319//315 325//315 326//315
f 319//315 326//315 320//315
f 321//602 320//602 327//602
f 321//596 327//317 322//597
f 315//603 328//603 316//603
f 316//604 329//604 317//604
f 317//605 330//605 318//605
f 313//592 318//606 319//593
f 319//607 318//607 324//607
f 320//608 326//608 327//608
f 322//597 327//317 331//317
f 327//609 332//609 333//609
f 327//610 333//610 334//610
f 327//611 334//611 331//611
f 327//612 326//612 332//612
f 328//613 329//613 316//613
f 317//614 329//614 335//614
f 317//615 335//615 330//615
f 326//616 325//214 336//617
f 326//616 336//617 337//617
f 326//616 337//617 338//617
f 326//616 338//617 332//618
f 322//597 331//317 339//317
f 322//597 339//317 340//619
f 322//597 340//619 341//620
f 322//597 341//620 342//621
f 322//597 342//621 343//622
f 332//623 338//623 333//623
f 333//624 344//624 334//624
f 333//625 338//625 344//625
f 315//626 323//626 328//626
f 338//617 337//617 345//627
f 339//628 331//628 334//628
f 339//629 346//629 340//629
f 340//630 347//630 341//630
f 343//631 342//631 348//631
f 322//632 343//632 349//632
f 344//633 350//633 334//633
f 329//634 351//634 335//634
f 335//635 337//635 330//635
f 337//617 352//636 353//636
f 337//617 353//636 354//637
f 337//617 354//637 345//627
f 339//638 334//638 355//638
f 355//639 350//639 346//639
f 339//640 355//640 346//640
f 346//641 347//641 340//641
f 341//642 348//642 342//642
f 344//643 356//643 350//643
f 344//644 338//644 356//644
f 329//645 328//645 357//645
f 336//646 318//646 330//646
f 354//647 358//647 345//647
f 355//648 334//648 350//648
f 346//649 350//649 359//649
f 346//650 359//650 347//650
f 341//651 347//651 348//651
f 348//652 349//652 343//652
f 349//653 328//654 322//655
f 323//656 322//656 328//656
f 357//657 328//654 349//653
f 357//658 349//658 360//658
f 357//659 351//659 329//659
f 318//660 336//660 324//660
f 325//661 324//661 336//661
f 352//662 337//662 361//662
f 345//663 358//664 359//665
f 347//666 362//666 348//666
f 363//667 360//667 348//667
f 348//668 360//668 349//668
f 361//669 357//669 360//669
f 361//670 351//670 357//670
f 351//671 337//671 335//671
f 330//672 337//672 336//672
f 351//673 361//673 337//673
f 352//674 361//674 364//674
f 352//675 364//675 353//675
f 353//676 363//676 362//676
f 338//677 345//677 356//677
f 347//678 359//678 362//678
f 362//679 363//679 348//679
f 363//680 364//680 360//680
f 360//681 364//681 361//681
f 364//682 363//682 353//682
f 353//683 362//683 354//683
f 354//684 362//684 358//684
f 345//663 359//665 356//685
f 350//686 356//686 359//686
f 362//687 359//687 358//687
f 365//688 366//688 367//688
f 365//689 367//689 368//689
f 365//690 368//690 369//690
f 365//691 369//691 370//691
f 365//317 370//317 371//317
f 365//317 371//317 372//317
f 365//317 372//317 373//317
f 365//317 373//317 374//317
f 365//317 374//317 375//317
f 365//317 375//317 376//317
f 366//692 377//692 378//692
f 366//693 378//693 379//693
f 366//694 379//694 367//694
f 367//695 380//695 368//695
f 368//315 380//315 381//315
f 368//315 381//315 382//315
f 368//315 382//315 383//315
f 368//315 383//315 369//315
f 370//696 369//696 384//696
f 370//697 384//697 371//697
f 379//698 380//698 367//698
f 380//699 379//699 385//699
f 380//700 385//700 386//700
f 369//701 383//701 387//701
f 369//702 387//702 388//702
f 369//703 388//703 384//703
f 384//704 388//704 389//704
f 384//705 389//705 371//705
f 377//706 366//706 390//706
f 377//707 390//707 391//707
f 379//708 378//708 392//708
f 379//709 392//709 385//709
f 383//710 393//710 387//710
f 387//711 393//711 388//711
f 388//712 393//712 394//712
f 388//713 394//713 395//713
f 388//714 396//714 389//714
f 388//715 397//715 396//715
f 389//716 396//716 372//716
f 389//717 372//717 371//717
f 366//718 365//718 376//718
f 391//719 398//719 399//719
f 377//720 391//720 378//720
f 392//721 378//721 391//721
f 385//722 400//722 386//722
f 386//723 400//723 401//723
f 386//724 402//724 403//724
f 386//725 404//725 380//725
f 383//726 405//726 393//726
f 388//727 395//728 406//729
f 388//727 406//729 397//730
f 394//731 393//731 407//731
f 394//732 407//732 395//732
f 397//733 406//733 396//733
f 366//734 376//734 390//734
f 391//735 390//735 398//735
f 385//736 392//736 400//736
f 401//737 402//737 386//737
f 402//738 401//738 399//738
f 402//739 399//739 408//739
f 403//740 402//740 409//740
f 386//741 410//741 404//741
f 386//742 403//742 411//742
f 386//743 411//743 410//743
f 404//744 381//744 380//744
f 383//745 382//745 405//745
f 396//746 373//746 372//746
f 396//747 406//747 412//747
f 396//748 412//748 413//748
f 406//749 395//749 414//749
f 406//750 414//750 412//750
f 390//751 376//751 375//751
f 398//752 415//752 399//752
f 392//753 391//753 400//753
f 408//754 399//754 413//754
f 402//755 408//755 409//755
f 409//756 408//756 413//756
f 403//757 409//757 414//757
f 403//758 414//758 411//758
f 411//759 414//759 416//759
f 404//760 410//760 381//760
f 393//761 405//761 416//761
f 393//762 416//762 407//762
f 373//763 396//763 413//763
f 373//764 413//764 415//764
f 412//765 414//765 409//765
f 375//766 398//766 390//766
f 398//767 375//767 374//767
f 398//768 374//768 415//768
f 399//769 400//769 391//769
f 413//770 399//770 415//770
f 401//771 400//771 399//771
f 405//772 382//772 416//772
f 416//773 414//773 407//773
f 395//774 407//774 414//774
f 409//775 413//775 412//775
f 410//776 411//776 381//776
f 382//777 411//777 416//777
f 374//778 373//778 415//778
f 382//779 381//779 411//779
f 417//780 418//780 419//780
f 417//781 420//781 421//781
f 418//782 417//782 422//782
f 418//317 423//783 419//317
f 419//317 423//783 424//317
f 419//784 424//784 425//784
f 419//784 425//784 426//784
f 420//785 417//785 426//785
f 423//783 418//317 427//317
f 423//783 428//786 429//787
f 423//783 429//787 430//788
f 423//783 430//788 424//317
f 419//789 426//789 417//789
f 424//790 431//790 432//790
f 424//791 432//791 425//791
f 420//792 433//792 434//792
f 426//793 425//793 435//793
f 426//793 435//793 436//793
f 426//794 436//794 420//794
f 434//795 421//795 420//795
f 421//796 422//796 417//796
f 422//797 427//797 418//797
f 423//798 427//798 421//798
f 423//799 437//799 428//799
f 425//800 432//800 435//800
f 424//317 430//788 431//90
f 432//801 431//801 438//801
f 432//214 438//214 439//214
f 432//214 439//214 440//802
f 432//214 440//802 441//803
f 432//214 441//803 436//214
f 432//214 436//214 435//214
f 436//804 433//804 420//804
f 422//805 421//805 427//805
f 431//90 430//788 442//806
f 431//807 442//807 443//807
f 431//808 443//808 444//808
f 431//809 444//809 445//809
f 431//810 445//810 438//810
f 434//811 433//811 446//811
f 434//812 437//812 421//812
f 437//813 423//813 421//813
f 437//814 434//814 446//814
f 428//815 437//815 447//815
f 444//816 443//816 448//816
f 445//817 444//817 449//817
f 445//818 449//818 438//818
f 433//819 450//819 446//819
f 437//820 446//820 447//820
f 430//788 451//821 442//806
f 444//822 448//822 449//822
f 428//823 447//823 429//823
f 430//788 452//824 451//821
f 451//821 452//824 453//825
f 442//826 451//826 443//826
f 433//827 436//827 450//827
f 446//828 454//828 447//828
f 455//829 430//829 429//829
f 455//830 429//830 447//830
f 430//831 455//831 456//831
f 430//832 456//832 452//832
f 452//833 456//833 457//833
f 452//834 457//835 458//836
f 452//834 458//836 453//837
f 453//838 458//838 459//838
f 453//839 459//839 451//839
f 451//840 459//840 443//840
f 443//841 459//841 448//841
f 450//842 436//842 441//842
f 450//843 454//843 446//843
f 454//844 460//844 455//844
f 447//845 454//845 455//845
f 457//846 461//846 458//846
f 459//847 458//847 462//847
f 459//848 462//848 448//848
f 462//849 463//849 448//849
f 448//850 463//850 449//850
f 449//851 463//851 438//851
f 438//852 463//852 439//852
f 450//853 464//854 454//855
f 455//856 460//856 456//856
f 456//857 461//857 457//857
f 454//858 464//858 460//858
f 456//859 460//859 461//859
f 461//860 462//860 458//860
f 450//853 441//861 464//854
f 460//862 465//862 461//862
f 461//863 465//863 466//863
f 461//864 466//864 462//864
f 462//865 466//865 463//865
f 441//803 440//802 467//866
f 467//867 468//867 441//867
f 441//868 468//868 464//868
f 460//869 464//870 465//871
f 463//872 466//872 439//872
f 467//873 440//873 468//873
f 465//874 440//874 466//874
f 465//875 468//875 440//875
f 468//876 465//871 464//870
f 440//877 439//877 466//877
f 469//878 470//878 471//878
f 469//879 471//879 472//879
f 469//315 472//880 473//315
f 469//315 473//315 474//315
f 469//315 474//315 475//315
f 469//315 475//315 476//315
f 469//315 476//315 477//315
f 469//881 477//881 470//881
f 470//882 478//883 471//884
f 470//885 477//885 476//885
f 470//886 476//886 479//886
f 470//784 479//784 480//784
f 470//784 480//784 481//784
f 470//784 481//784 482//784
f 470//784 482//784 483//784
f 470//784 483//784 484//784
f 470//882 484//317 485//887
f 470//882 485//887 486//888
f 470//882 486//888 478//883
f 471//884 478//883 486//888
f 471//884 486//888 472//889
f 472//889 486//888 485//887
f 472//889 485//887 473//890
f 476//891 475//320 480//892
f 476//893 480//893 487//893
f 476//894 487//895 479//896
f 479//896 487//895 480//897
f 484//4 483//4 488//4
f 484//4 488//4 489//4
f 484//4 489//4 474//4
f 484//4 474//4 473//4
f 484//4 473//4 485//4
f 475//320 490//321 481//898
f 475//320 481//898 480//892
f 475//320 474//214 489//214
f 475//320 489//214 491//214
f 475//320 491//214 490//321
f 483//899 482//899 488//899
f 490//321 491//214 481//898
f 481//898 491//214 489//214
f 481//898 489//214 482//214
f 482//214 489//214 488//214
f 492//214 493//214 494//214
f 492//214 494//214 495//214
f 492//214 495//214 496//214
f 492//214 496//214 497//214
f 492//214 497//214 498//214
f 492//214 498//214 499//214
f 492//214 499//214 500//214
f 492//214 500//214 501//214
f 492//214 501//214 502//214
f 492//214 502//214 503//214
f 492//214 503//214 504//214
f 492//214 504//214 505//214
f 492//214 505//214 506//214
f 492//214 506//214 507//214
f 492//214 507//214 508//214
f 492//214 508//214 509//214
f 492//214 509//214 510//214
f 492//214 510//214 511//214
f 492//900 511//900 512//900
f 492//901 512//901 513//901
f 492//902 513//902 514//902
f 492//903 514//903 493//903
f 511//904 515//904 512//904
f 513//905 512//905 516//905
f 513//906 516//906 517//906
f 513//907 517//907 514//907
f 514//908 517//908 518//908
f 514//909 518//909 493//909
f 515//910 519//910 520//910
f 515//911 520//911 516//911
f 515//912 516//912 512//912
f 517//913 516//913 521//913
f 517//914 521//914 522//914
f 517//915 522//915 523//915
f 517//916 523//916 518//916
f 493//917 518//917 524//917
f 511//918 519//918 515//918
f 519//919 525//920 526//921
f 519//919 526//921 527//921
f 519//922 527//922 528//922
f 519//922 528//922 521//922
f 519//923 521//923 520//923
f 519//924 511//924 510//924
f 519//925 510//925 509//925
f 519//919 509//926 525//920
f 520//927 521//927 516//927
f 521//317 528//317 529//317
f 521//317 529//317 530//317
f 521//317 530//317 531//317
f 521//317 531//317 532//317
f 521//317 532//317 533//317
f 521//317 533//317 534//317
f 521//317 534//317 535//317
f 521//928 536//928 522//928
f 518//929 523//929 537//929
f 518//930 537//930 524//930
f 493//931 524//931 494//931
f 525//932 509//933 508//934
f 525//932 508//934 507//784
f 525//932 507//784 526//784
f 528//935 527//936 538//937
f 528//935 538//937 529//938
f 521//939 535//939 539//939
f 521//940 539//940 536//940
f 536//941 537//941 523//941
f 536//942 523//942 522//942
f 537//943 494//943 524//943
f 494//944 537//945 495//945
f 526//946 507//946 527//946
f 527//936 506//947 538//937
f 538//948 506//949 529//950
f 539//951 537//951 536//951
f 539//952 535//952 534//952
f 539//953 534//953 540//953
f 507//954 506//954 527//954
f 529//950 506//949 505//955
f 529//956 504//956 530//956
f 539//957 540//958 496//959
f 539//960 496//961 495//945
f 537//945 539//960 495//945
f 540//962 534//963 497//964
f 540//958 497//965 496//959
f 534//966 533//967 541//968
f 534//966 541//968 498//969
f 534//963 498//970 497//964
f 505//971 504//971 529//971
f 530//972 502//972 531//972
f 530//973 504//973 503//973
f 530//974 503//974 502//974
f 533//975 532//975 499//975
f 533//976 499//976 498//976
f 533//967 498//969 541//968
f 531//977 502//978 501//979
f 531//977 501//979 542//980
f 531//981 542//981 532//981
f 532//982 543//983 499//984
f 542//985 501//985 543//985
f 542//986 543//986 532//986
f 543//983 500//987 499//984
f 501//988 500//988 543//988
f 544//989 545//990 546//991
f 546//991 545//990 547//326
f 546//991 547//326 548//992
f 546//991 548//992 549//993
f 545//994 550//994 551//994
f 545//990 544//989 552//995
f 545//996 552//996 553//996
f 545//997 553//997 554//997
f 545//998 554//998 550//998
f 545//999 551//1000 555//1001
f 547//1002 545//999 555//1001
f 547//1003 555//1004 548//1005
f 548//1005 555//1004 556//1006
f 549//1007 557//1007 558//1007
f 549//1008 558//1008 546//1008
f 550//1009 559//1009 551//1009
f 550//1010 554//1010 560//1010
f 550//1011 560//1011 559//1011
f 552//1012 544//1012 561//1012
f 552//1013 561//1013 553//1013
f 553//784 562//784 563//784
f 553//784 563//784 564//784
f 553//784 564//784 560//784
f 553//784 560//784 554//784
f 548//1014 556//1015 549//1016
f 549//1016 556//1015 565//1017
f 549//1018 565//1018 557//1018
f 558//1019 557//1019 566//1019
f 558//1020 566//1020 567//1020
f 558//1021 568//1021 546//1021
f 551//1022 559//1022 569//1022
f 560//1023 570//1023 571//1023
f 560//1024 571//1024 559//1024
f 561//1025 544//1025 568//1025
f 561//1026 568//1026 572//1026
f 561//1027 572//1027 553//1027
f 553//1028 573//1028 562//1028
f 553//1029 572//1029 573//1029
f 555//1030 574//1030 556//1030
f 557//1031 565//1031 575//1031
f 557//1032 575//1032 576//1032
f 558//1033 567//1033 577//1033
f 577//1034 572//1034 568//1034
f 577//1035 568//1035 558//1035
f 577//1036 567//1036 572//1036
f 567//1037 578//1037 579//1037
f 567//1038 566//1038 580//1038
f 568//1039 544//1039 546//1039
f 559//1040 581//1040 569//1040
f 569//1041 574//1041 551//1041
f 551//1042 574//1042 555//1042
f 570//1043 560//1043 564//1043
f 573//1044 582//1044 562//1044
f 573//1045 572//1045 582//1045
f 572//1046 583//1046 582//1046
f 575//1047 556//1047 574//1047
f 556//1048 575//1048 565//1048
f 576//1049 584//1049 580//1049
f 576//1050 575//1050 584//1050
f 557//1051 576//1051 580//1051
f 572//1052 567//1052 579//1052
f 572//1053 579//1053 583//1053
f 557//1054 580//1054 566//1054
f 567//1055 580//1055 578//1055
f 570//1056 585//1056 571//1056
f 571//1057 581//1057 559//1057
f 570//1058 586//1058 584//1058
f 584//1059 585//1059 570//1059
f 582//1060 583//1060 587//1060
f 582//1061 588//1061 562//1061
f 583//1062 579//1062 587//1062
f 584//1063 575//1063 589//1063
f 584//1064 589//1064 585//1064
f 580//1065 584//1065 586//1065
f 580//1066 586//1066 578//1066
f 569//1067 581//1067 574//1067
f 564//1068 590//1068 570//1068
f 570//1069 590//1070 591//1071
f 570//1072 591//1072 586//1072
f 582//1073 587//1073 588//1073
f 575//1074 592//1074 589//1074
f 586//1075 591//1075 578//1075
f 579//1076 593//1076 587//1076
f 578//1077 591//1077 593//1077
f 579//1078 578//1078 593//1078
f 591//1079 594//1079 593//1079
f 587//1080 593//1080 588//1080
f 563//1081 562//1081 594//1081
f 574//1082 581//1082 592//1082
f 574//1083 592//1083 575//1083
f 589//1084 592//1084 585//1084
f 585//1085 592//1085 571//1085
f 571//1086 592//1086 581//1086
f 564//1087 563//1087 590//1087
f 590//1070 595//1088 591//1071
f 591//1089 595//1089 594//1089
f 594//1090 588//1090 593//1090
f 588//1091 594//1091 562//1091
f 594//1092 595//1092 563//1092
f 590//1093 563//1093 595//1093
f 596//1094 597//1094 598//1094
f 596//1095 598//4 599//4
f 596//1095 599//4 600//1095
f 596//1095 600//1095 601//1096
f 596//1095 601//1096 597//1096
f 597//317 601//317 602//317
f 597//317 602//317 603//317
f 597//317 603//317 604//317
f 597//317 604//317 605//317
f 597//317 605//317 606//317
f 597//317 606//317 607//317
f 597//317 607//317 608//317
f 597//317 608//317 609//317
f 597//317 609//317 610//317
f 597//317 610//317 611//317
f 597//317 611//317 612//317
f 597//317 612//317 613//317
f 597//317 613//317 614//317
f 597//317 614//317 615//317
f 597//1097 615//1097 616//1097
f 597//1098 616//1098 598//1098
f 598//1099 616//1099 617//1099
f 598//1099 617//1099 599//1099
f 600//1100 599//1100 601//1100
f 601//1101 618//1102 602//1103
f 615//784 614//784 619//1104
f 615//784 619//1104 620//1105
f 615//784 620//1105 621//1106
f 615//1107 621//1107 616//1107
f 616//1108 621//1106 620//1105
f 616//1108 620//1105 622//1109
f 616//214 622//214 623//214
f 616//214 623//214 624//214
f 616//214 624//214 625//214
f 616//214 625//214 626//214
f 616//214 626//214 627//214
f 616//214 627//214 628//214
f 616//214 628//214 629//214
f 616//214 629//214 630//214
f 616//214 630//214 631//214
f 616//214 631//214 632//214
f 616//214 632//214 633//214
f 616//214 633//214 617//214
f 599//1110 617//1110 601//1110
f 601//1111 617//1111 633//1111
f 601//1112 633//1112 632//1112
f 601//1101 632//1113 618//1102
f 614//1114 613//1114 619//1114
f 622//1109 620//1105 619//1104
f 622//1115 619//1115 634//1115
f 622//1115 634//1115 623//1115
f 632//1116 635//1116 618//1116
f 618//1117 635//1117 602//1117
f 602//1118 636//1119 603//1120
f 619//1114 613//1114 634//1114
f 623//1121 634//1121 624//1121
f 632//1122 631//1123 637//1124
f 632//1122 637//1124 635//1125
f 635//1126 636//1119 602//1118
f 634//1127 638//1128 624//1129
f 624//1130 639//1131 640//1132
f 624//1130 638//1133 639//1131
f 637//1124 636//1134 635//1125
f 636//1135 637//1135 603//1135
f 603//1136 637//1136 631//1136
f 603//1137 631//1138 630//1139
f 603//1137 630//1139 641//1140
f 603//1141 641//1141 604//1141
f 613//1142 612//1142 634//1142
f 634//1127 612//1143 638//1128
f 638//1133 612//1144 639//1131
f 641//1145 642//1146 604//1147
f 641//1145 630//1148 642//1146
f 612//1149 611//1150 639//1151
f 639//1151 611//1150 640//1152
f 640//1153 611//1154 610//1155
f 640//1153 610//1155 643//1156
f 643//1156 644//1157 626//1158
f 643//1156 626//1158 625//1158
f 643//1159 625//1159 640//1159
f 640//1160 625//1160 624//1160
f 630//1148 629//1161 642//1146
f 604//1162 642//1162 605//1162
f 610//1155 644//1157 643//1156
f 644//1163 645//1163 626//1163
f 642//1164 629//1165 605//1166
f 610//1155 609//1167 644//1157
f 644//1168 609//1169 645//1170
f 645//1170 609//1169 608//1171
f 645//1172 627//1173 626//1174
f 629//1165 646//1175 605//1166
f 605//1166 646//1175 606//1176
f 608//1177 647//1178 645//1172
f 645//1172 647//1178 627//1173
f 629//1179 628//1179 646//1179
f 646//1180 628//1180 606//1180
f 606//1181 647//1181 607//1181
f 607//1182 647//1178 608//1177
f 647//1183 606//1184 628//1185
f 627//1186 647//1183 628//1185
f 648//1187 649//1187 650//1187
f 648//1188 650//1188 651//1188
f 648//1189 651//1189 652//1189
f 648//1190 652//1190 653//1190
f 648//1191 653//1191 654//1191
f 648//1192 654//1192 655//1192
f 648//1193 655//1193 656//1193
f 648//1194 656//1194 657//1194
f 648//1194 657//1194 658//1194
f 648//317 658//317 659//317
f 648//317 659//317 660//317
f 648//317 660//317 661//317
f 648//317 661//317 662//317
f 648//317 662//317 663//317
f 648//317 663//317 664//317
f 648//1195 664//1195 665//1195
f 650//1196 666//1197 667//1198
f 650//1196 667//1198 651//1199
f 652//1200 651//1201 667//1202
f 652//1203 668//1204 653//1205
f 654//1206 653//1207 668//1208
f 655//1209 669//1210 656//1211
f 656//1212 669//1212 670//1212
f 656//315 670//315 671//315
f 656//315 671//315 672//315
f 656//315 672//315 657//315
f 658//1213 657//1213 673//1213
f 658//1214 673//1214 674//1214
f 658//1215 674//1215 675//1215
f 658//1216 675//1216 659//1216
f 648//1217 665//1218 676//1219
f 648//1217 676//1219 677//1220
f 648//1217 677//1220 649//1221
f 649//1222 677//1223 666//1224
f 649//1222 666//1224 650//1225
f 654//1206 668//1208 678//1226
f 654//1227 678//1227 655//1227
f 669//1210 655//1209 678//1228
f 669//1229 677//1229 670//1229
f 670//1230 677//1230 679//1231
f 670//1230 679//1231 671//1232
f 657//1233 672//1233 680//1233
f 657//1234 680//1234 681//1234
f 657//1235 681//1235 673//1235
f 673//1236 681//1236 682//1236
f 673//1237 682//1237 683//1237
f 673//1238 683//1238 684//1238
f 673//1239 684//1239 674//1239
f 674//1240 684//1240 675//1240
f 675//1241 684//1241 685//1241
f 675//1242 685//1242 659//1242
f 664//1243 686//1243 665//1243
f 676//214 686//214 687//214
f 676//214 687//214 688//214
f 676//214 688//214 689//214
f 676//214 689//214 690//214
f 676//214 690//214 691//214
f 676//214 691//214 692//214
f 676//214 692//214 693//214
f 676//214 693//214 694//214
f 676//214 694//214 682//214
f 676//214 682//214 681//214
f 676//214 681//214 680//214
f 676//214 680//214 695//214
f 676//214 695//214 679//214
f 676//214 679//214 677//214
f 677//1244 669//1244 678//1244
f 677//1245 678//1245 668//1245
f 677//1246 668//1246 696//1246
f 677//1247 696//1247 667//1247
f 677//1248 667//1248 666//1248
f 652//1200 667//1202 696//1249
f 652//1203 696//1250 668//1204
f 671//1232 679//1231 695//1251
f 671//1252 695//1252 680//1252
f 671//1253 680//1253 672//1253
f 682//1254 694//1254 683//1254
f 683//1255 697//1255 684//1255
f 683//1256 694//1256 697//1256
f 684//1257 697//1257 685//1257
f 685//1258 698//1258 661//1258
f 685//1259 661//1259 660//1259
f 685//1260 660//1260 659//1260
f 665//1261 686//1261 676//1261
f 693//1262 692//1263 685//1264
f 693//1265 685//1265 697//1265
f 693//1266 697//1266 694//1266
f 692//1263 691//1267 685//1264
f 685//1264 691//1267 698//1268
f 664//1269 663//1270 687//1271
f 664//1269 687//1271 686//1272
f 698//1273 690//1274 661//1273
f 661//1275 690//1275 662//1275
f 698//1273 691//1274 690//1274
f 662//1276 690//1276 689//1276
f 662//1277 689//1277 699//1277
f 663//1278 662//1278 699//1278
f 663//1279 699//1280 687//1281
f 687//1281 699//1280 688//1282
f 699//1283 689//1283 688//1283
f 700//1284 701//1284 702//1284
f 701//1285 703//1285 704//1285
f 702//1286 705//1286 706//1286
f 702//1287 706//1287 707//1287
f 702//1288 701//1288 705//1288
f 707//1289 706//1289 708//1289
f 707//1290 708//1290 709//1290
f 707//1291 709//1292 710//1291
f 707//1291 710//1291 702//1293
f 702//1294 710//1294 700//1294
f 700//1295 711//1295 701//1295
f 701//1296 704//1296 705//1296
f 708//1297 706//1297 712//1297
f 709//1298 713//1298 714//1298
f 709//1299 714//1299 715//1299
f 709//1300 715//1301 716//1302
f 709//1300 716//1302 710//1303
f 710//1303 716//1302 717//1304
f 710//1305 717//1305 718//1305
f 710//1306 718//1306 719//1306
f 701//1307 711//1307 703//1307
f 700//1308 720//1308 711//1308
f 703//1309 721//1309 704//1309
f 705//1310 704//1310 722//1310
f 705//1311 722//1311 706//1311
f 706//1312 723//1312 712//1312
f 708//1313 712//1313 724//1313
f 708//1314 725//1314 709//1314
f 709//1315 726//1315 713//1315
f 714//1316 727//1316 715//1316
f 719//1317 718//1317 728//1317
f 711//1318 729//1318 703//1318
f 704//1319 721//1319 730//1319
f 704//1320 730//1320 722//1320
f 706//1321 722//1321 723//1321
f 708//1322 724//1322 725//1322
f 718//1323 717//1323 731//1323
f 700//1324 710//1324 720//1324
f 714//1325 713//1325 727//1325
f 717//1326 732//1326 731//1326
f 731//1327 728//1327 718//1327
f 711//1328 720//1329 729//1330
f 703//1331 729//1332 733//1333
f 722//1334 730//1334 723//1334
f 723//1335 730//1335 734//1335
f 723//1336 735//1337 712//1338
f 724//1339 712//1339 735//1339
f 709//1340 725//1340 726//1340
f 715//1341 727//1341 732//1341
f 716//1342 715//1342 732//1342
f 719//1343 728//1343 710//1343
f 710//1344 728//1344 736//1344
f 717//1345 716//1345 732//1345
f 729//1332 737//1346 733//1333
f 720//1347 710//1347 736//1347
f 730//1348 738//1348 734//1348
f 723//1349 734//1349 739//1349
f 724//1350 735//1350 740//1350
f 724//1351 740//1351 725//1351
f 726//1352 727//1352 713//1352
f 720//1329 737//1353 729//1330
f 738//1354 730//1355 721//1356
f 734//1357 738//1358 741//1359
f 723//1336 742//1360 735//1337
f 742//1361 743//1362 735//1363
f 735//1364 743//1364 740//1364
f 725//1365 740//1365 726//1365
f 727//1366 744//1366 732//1366
f 732//1367 745//1367 731//1367
f 728//1368 746//1368 736//1368
f 703//1331 733//1333 721//1331
f 721//1356 733//1369 738//1354
f 734//1370 741//1370 739//1370
f 732//1371 744//1371 745//1371
f 745//1372 728//1372 731//1372
f 723//1373 739//1373 742//1373
f 743//1374 747//1375 740//1376
f 726//1377 740//1377 748//1377
f 726//1378 748//1378 727//1378
f 748//1379 744//1379 727//1379
f 745//1380 746//1380 728//1380
f 720//1381 736//1381 737//1381
f 739//1382 741//1383 742//1384
f 743//1362 742//1361 747//1385
f 746//1386 737//1387 736//1388
f 740//1376 747//1375 748//1389
f 744//1390 748//1391 747//1392
f 744//1393 749//1394 745//1395
f 746//1386 750//1396 737//1387
f 746//1397 745//1398 751//1399
f 746//1397 751//1399 750//1400
f 733//1401 737//1402 738//1403
f 747//1404 742//1404 749//1404
f 749//1405 744//1390 747//1392
f 741//1383 749//1406 742//1384
f 737//1402 750//1407 751//1408
f 751//1408 738//1403 737//1402
f 745//1395 749//1394 751//1409
f 741//1410 751//1409 749//1394
f 738//1358 751//1411 741//1359
f 752//254 753//254 754//254
f 752//254 754//254 755//254
f 752//254 755//254 756//254
f 752//254 756//254 757//254
f 752//1412 758//1413 759//1414
f 759//1414 753//1415 752//1412
f 759//1416 758//1416 760//1416
f 759//1417 760//1417 761//1417
f 753//1418 762//1418 763//1418
f 753//1419 763//1419 764//1419
f 753//1420 764//1420 765//1420
f 753//1421 765//1422 766//1423
f 753//1421 766//1423 754//1424
f 753//1425 759//1425 761//1425
f 753//1426 761//1426 762//1426
f 752//1427 767//1427 758//1427
f 758//1428 767//1428 768//1428
f 767//1429 752//1429 757//1429
f 763//1430 762//1430 769//1430
f 763//1431 769//1431 770//1431
f 754//1432 766//1433 771//1434
f 754//1435 771//1435 772//1435
f 754//1436 772//1436 773//1436
f 754//1437 773//1437 774//1437
f 754//1438 774//1438 775//1438
f 754//1439 775//1440 755//1441
f 758//1442 768//1442 760//1442
f 768//1443 776//1443 777//1443
f 768//1444 777//1444 760//1444
f 767//1445 757//1445 756//1445
f 767//1445 756//1445 778//1445
f 767//1446 779//1446 780//1446
f 767//1447 780//1447 768//1447
f 768//1448 780//1448 776//1448
f 777//1449 776//1449 781//1449
f 777//1450 781//1450 782//1450
f 777//1451 782//1451 760//1451
f 760//1452 782//1452 761//1452
f 762//1453 761//1453 769//1453
f 770//1454 783//1455 771//1456
f 770//1454 771//1456 763//1457
f 770//1458 769//1459 782//1460
f 770//1458 782//1460 784//1461
f 770//1458 784//1461 785//1462
f 770//1458 785//1462 783//1463
f 763//1464 771//1464 764//1465
f 764//1465 771//1464 786//1464
f 764//1466 786//1466 787//1466
f 764//1467 787//1467 765//1467
f 765//1468 787//1468 766//1468
f 766//1433 786//1469 771//1434
f 771//1470 783//1470 772//1470
f 775//1440 788//1471 755//1441
f 779//1472 767//1472 789//1472
f 779//1473 789//1473 790//1473
f 756//1474 755//1474 778//1474
f 781//1475 791//1475 782//1475
f 782//1475 791//1475 784//1476
f 782//1477 769//1477 761//1477
f 786//1478 766//1478 787//1478
f 773//1479 772//1479 785//1479
f 773//1480 785//1480 774//1480
f 774//1481 785//1481 792//1481
f 775//1482 774//1483 788//1484
f 776//1485 780//1485 793//1485
f 776//1486 793//1486 781//1486
f 767//1487 778//1488 794//1489
f 767//1487 794//1489 790//1490
f 767//1491 790//1491 789//1491
f 778//1492 755//1492 788//1492
f 778//1493 788//1493 795//1493
f 778//1494 795//1494 796//1494
f 778//1495 796//1495 797//1495
f 780//1496 779//1496 790//1496
f 780//1497 790//1497 794//1497
f 780//1498 794//1498 793//1498
f 781//1499 793//1499 798//1499
f 781//1500 798//1500 791//1500
f 791//1501 799//1501 784//1501
f 783//1502 785//1502 772//1502
f 774//1483 792//1503 788//1484
f 778//1504 800//1504 801//1504
f 778//1488 801//1505 794//1489
f 794//1506 802//1506 798//1506
f 794//1507 798//1507 793//1507
f 795//1508 799//1508 802//1508
f 795//1509 788//1509 792//1509
f 795//1510 792//1510 799//1510
f 795//1511 802//1511 803//1511
f 795//1512 803//1512 796//1512
f 796//1513 803//1513 797//1513
f 797//1514 800//1514 778//1514
f 798//1515 799//1515 791//1515
f 799//1516 792//1516 784//1516
f 784//1517 792//1517 785//1517
f 800//1518 797//1518 801//1518
f 801//1519 797//1519 803//1519
f 801//1520 803//1520 794//1520
f 794//1521 803//1521 802//1521
f 798//1522 802//1522 799//1522
